Date,Wake-up Time,Sleep Duration (hrs),Meditation (mins),Exercise (mins),Breakfast Type,Journaling (Y/N),Work Start Time,Productivity_Score (1-10),Mood,Notes
21:52.9,5:30 AM,6.6,20,60,Protein-rich,Yes,6:30 AM,6,Neutral,Collection whole decision middle.
21:52.9,8:15 AM,8,5,50,Heavy,No,11:15 AM,7,Happy,Tree player behavior various up such attention project.
21:52.9,8:30 AM,8.9,25,30,Carb-rich,Yes,10:30 AM,10,Happy,If hard focus nor trip forward change per.
21:52.9,5:00 AM,8.4,25,30,Skipped,Yes,7:00 AM,7,Happy,Physical threat federal with thing.
21:52.9,5:15 AM,8.2,25,30,Heavy,No,6:15 AM,10,Happy,Ground class Mr future.
21:52.9,7:15 AM,8.2,15,10,Skipped,No,8:15 AM,6,Neutral,Structure wife although.
21:52.9,4:30 AM,8.8,5,0,Skipped,No,6:30 AM,10,Happy,Hit hear night management.
21:52.9,6:45 AM,8.2,25,30,Skipped,Yes,9:45 AM,10,Happy,Southern fight stay final per.
21:52.9,7:45 AM,7,5,10,Heavy,Yes,8:45 AM,5,Neutral,Right address who might strong already whom.
21:52.9,4:15 AM,8.2,5,0,Heavy,No,5:15 AM,9,Happy,Skin impact happy.
21:52.9,4:15 AM,7.5,0,50,Heavy,Yes,7:15 AM,6,Neutral,American over far election determine could.
21:52.9,6:45 AM,7,5,20,Light,Yes,9:45 AM,7,Happy,Ten large window price far point.
21:52.9,8:15 AM,8.7,0,60,Heavy,Yes,11:15 AM,8,Happy,Build address development technology instead officer.
21:52.9,4:00 AM,5.4,10,30,Light,No,7:00 AM,2,Sad,A arrive store approach morning dark.
21:52.9,8:45 AM,7,5,0,Heavy,Yes,9:45 AM,6,Neutral,Bring person leave.
21:52.9,8:45 AM,7,30,20,Heavy,No,11:45 AM,7,Happy,Receive others across mother gun indeed coach military.
21:52.9,7:00 AM,6.8,5,0,Carb-rich,No,8:00 AM,6,Neutral,Consumer face policy bit.
21:52.9,9:45 AM,5.7,10,0,Protein-rich,Yes,12:45 PM,3,Sad,Nice star entire.
21:52.9,5:45 AM,5.8,30,20,Light,Yes,7:45 AM,5,Sad,Letter expert well center seven newspaper.
21:52.9,6:30 AM,6.7,20,20,Carb-rich,Yes,9:30 AM,3,Sad,Card small each himself defense third every.
21:52.9,9:00 AM,8.5,15,40,Carb-rich,No,11:00 AM,10,Happy,Information quite century sign.
21:52.9,4:00 AM,8.3,0,10,Carb-rich,Yes,7:00 AM,6,Neutral,Person executive opportunity a whose floor.
21:52.9,9:30 AM,5.2,10,20,Skipped,Yes,11:30 AM,3,Sad,Charge institution maintain late once enjoy its.
21:52.9,9:00 AM,8.1,15,20,Heavy,Yes,12:00 PM,7,Happy,Cup gas then plan theory take.
21:52.9,6:00 AM,7.8,0,0,Skipped,No,9:00 AM,7,Happy,Trial nice stage the popular later.
21:52.9,4:00 AM,7.7,15,20,Skipped,Yes,6:00 AM,5,Neutral,Effort set customer try.
21:52.9,4:15 AM,7.7,10,0,Heavy,No,5:15 AM,8,Happy,Charge quite decision response.
21:52.9,9:45 AM,6.1,0,30,Protein-rich,No,10:45 AM,4,Sad,Hand development claim answer federal fill.
21:52.9,6:15 AM,9,30,60,Heavy,Yes,8:15 AM,9,Happy,Dog want card sing tree set.
21:52.9,8:30 AM,6.7,30,40,Carb-rich,No,11:30 AM,5,Neutral,Buy each court.
21:52.9,5:00 AM,6.6,10,30,Light,Yes,8:00 AM,5,Neutral,Social glass forget city high themselves.
21:52.9,9:30 AM,6.5,15,60,Protein-rich,Yes,11:30 AM,5,Neutral,Report job safe energy purpose.
21:52.9,5:00 AM,5.1,20,40,Heavy,No,8:00 AM,3,Sad,Since set back among job movement.
21:52.9,4:00 AM,6.7,10,0,Protein-rich,Yes,7:00 AM,4,Sad,Among cover she later plant.
21:52.9,4:15 AM,5.4,25,20,Protein-rich,No,7:15 AM,3,Sad,Cause play next read indicate.
21:52.9,4:45 AM,5.6,30,40,Carb-rich,No,5:45 AM,3,Sad,Pressure agent determine reach.
21:52.9,9:00 AM,5.7,0,20,Light,No,12:00 PM,2,Sad,Recognize sing challenge fine stuff yard though.
21:52.9,4:30 AM,7,20,50,Protein-rich,No,6:30 AM,8,Happy,Born above year beautiful hold pay.
21:52.9,6:45 AM,8,0,20,Light,Yes,8:45 AM,8,Happy,Relate who eight employee war member material.
21:52.9,6:00 AM,5.9,20,30,Heavy,Yes,8:00 AM,5,Sad,Represent herself lead leg.
21:52.9,9:45 AM,7.8,10,40,Heavy,No,12:45 PM,9,Happy,Thing black base eat quality home others.
21:52.9,5:30 AM,6.1,0,40,Skipped,Yes,7:30 AM,4,Sad,Anyone daughter course than course.
21:52.9,5:30 AM,5.3,10,10,Skipped,Yes,7:30 AM,3,Sad,Its garden especially east.
21:52.9,6:30 AM,5.2,10,20,Light,Yes,9:30 AM,2,Sad,Third true ask impact.
21:52.9,8:45 AM,8.4,10,20,Light,No,9:45 AM,6,Neutral,Affect home agree rule television recent just.
21:52.9,8:00 AM,7.3,10,10,Heavy,Yes,10:00 AM,7,Happy,Character next party direction.
21:52.9,5:00 AM,5.6,0,50,Carb-rich,Yes,7:00 AM,2,Sad,The decision amount party why.
21:52.9,4:00 AM,7.4,0,20,Carb-rich,Yes,6:00 AM,5,Neutral,Moment wish professor rather factor world small.
21:52.9,4:00 AM,8.8,30,50,Heavy,No,7:00 AM,10,Happy,Fill set provide office meet.
21:52.9,6:00 AM,8.2,5,50,Skipped,No,9:00 AM,7,Happy,Who work project impact form fight region free.
21:52.9,8:00 AM,8.6,25,60,Heavy,No,11:00 AM,7,Happy,Try party why worry which.
21:52.9,6:45 AM,7.5,5,50,Light,Yes,9:45 AM,9,Happy,Because hundred news yourself life position.
21:52.9,5:15 AM,6.1,15,50,Protein-rich,Yes,7:15 AM,7,Neutral,Someone require station for relationship control religious.
21:52.9,7:00 AM,8,0,0,Protein-rich,No,8:00 AM,4,Sad,Street money talk sure too.
21:52.9,9:00 AM,5.4,15,40,Light,Yes,12:00 PM,6,Sad,Away police left.
21:52.9,9:30 AM,5.3,15,60,Skipped,No,11:30 AM,4,Sad,Clearly generation sell free something.
21:52.9,9:45 AM,6.8,10,40,Light,Yes,10:45 AM,5,Neutral,Build kid live himself investment edge someone.
21:52.9,8:00 AM,8,0,0,Protein-rich,Yes,10:00 AM,6,Neutral,Suddenly support surface offer painting allow life police.
21:52.9,6:00 AM,7.1,15,20,Skipped,Yes,9:00 AM,4,Sad,Though song wrong your stand teach.
21:52.9,8:45 AM,6.7,20,50,Protein-rich,No,10:45 AM,5,Neutral,Law wrong fly simple manager plan well establish.
21:52.9,6:00 AM,6,0,50,Light,Yes,9:00 AM,4,Sad,Trouble market police beyond nearly but everyone.
21:52.9,5:30 AM,6.3,0,30,Protein-rich,No,7:30 AM,6,Neutral,Treatment step performance soon lead nation.
21:52.9,8:00 AM,6.6,30,20,Carb-rich,Yes,10:00 AM,5,Neutral,Red appear level another respond then huge.
21:52.9,5:30 AM,7.1,25,0,Heavy,No,6:30 AM,5,Neutral,Take present from buy beat field that.
21:52.9,6:45 AM,7,5,60,Light,Yes,9:45 AM,5,Neutral,Year fine paper view teach rich Republican.
21:52.9,7:45 AM,5.9,20,50,Light,No,9:45 AM,7,Sad,Certainly agree east work trip suddenly economic.
21:52.9,5:30 AM,6.6,25,10,Skipped,Yes,8:30 AM,4,Sad,Write kid despite pull police need hold.
21:52.9,7:30 AM,6,30,20,Heavy,Yes,9:30 AM,5,Neutral,Son late hour focus seven agent window soon.
21:52.9,4:45 AM,7.5,10,50,Protein-rich,Yes,6:45 AM,6,Neutral,Public special sing total.
21:52.9,9:30 AM,6.2,25,30,Carb-rich,No,10:30 AM,7,Neutral,Son third least year land live.
21:52.9,4:45 AM,8.8,30,50,Skipped,No,5:45 AM,8,Happy,Add coach range someone worker eight most walk.
21:52.9,9:45 AM,7,5,40,Light,No,10:45 AM,5,Neutral,Court ability admit I.
21:52.9,5:30 AM,8.5,10,30,Skipped,No,6:30 AM,9,Happy,Exist sometimes dream business call program.
21:52.9,8:30 AM,5.1,30,60,Carb-rich,Yes,9:30 AM,3,Sad,Stay agree someone thus example democratic whom.
21:52.9,4:15 AM,5.5,25,50,Heavy,No,5:15 AM,5,Sad,It school court often.
21:52.9,5:30 AM,8.1,15,20,Heavy,No,7:30 AM,7,Happy,Need produce toward yeah through fall.
21:52.9,8:45 AM,5.1,15,60,Skipped,Yes,9:45 AM,2,Sad,Concern leader group various.
21:52.9,5:00 AM,8.8,25,40,Carb-rich,No,7:00 AM,8,Happy,Outside watch win deal section simple.
21:52.9,5:30 AM,5.1,25,60,Light,No,6:30 AM,5,Sad,Them fast realize up laugh night.
21:52.9,5:30 AM,5.5,15,10,Heavy,Yes,6:30 AM,4,Sad,Mrs write job commercial black.
21:52.9,5:15 AM,7,20,0,Carb-rich,Yes,8:15 AM,5,Neutral,Thus bring involve child send conference citizen smile.
21:52.9,8:00 AM,7.8,20,30,Heavy,No,11:00 AM,6,Neutral,Fill hot war give position off perhaps.
21:52.9,4:30 AM,6.5,20,60,Protein-rich,No,6:30 AM,6,Neutral,Difficult trip side speech.
21:52.9,9:00 AM,5.8,15,60,Skipped,Yes,10:00 AM,5,Sad,Office government middle most class set.
21:52.9,4:45 AM,6.4,20,20,Heavy,No,7:45 AM,4,Sad,Major kitchen affect dog.
21:52.9,7:00 AM,8.4,0,50,Protein-rich,Yes,9:00 AM,9,Happy,Sound everybody produce professional member training room material.
21:52.9,7:30 AM,7.8,0,10,Heavy,Yes,10:30 AM,7,Happy,One wear wall despite voice.
21:52.9,4:00 AM,6.4,25,10,Heavy,No,6:00 AM,3,Sad,Particular per writer recent.
21:52.9,5:45 AM,6.8,30,60,Carb-rich,Yes,8:45 AM,8,Neutral,Detail wall meeting even.
21:52.9,9:15 AM,7.5,25,50,Carb-rich,Yes,12:15 PM,7,Happy,Stage language half could purpose need account.
21:52.9,6:00 AM,8.3,10,50,Heavy,No,8:00 AM,7,Happy,Employee factor war piece college college.
21:52.9,9:00 AM,7,0,20,Heavy,No,12:00 PM,5,Neutral,Air outside eight garden sort.
21:52.9,6:15 AM,8.6,20,10,Protein-rich,No,7:15 AM,8,Happy,Back write face for response character.
21:52.9,6:45 AM,6.8,20,40,Protein-rich,No,8:45 AM,4,Sad,Daughter action lose among else spring through student.
21:52.9,7:30 AM,5.6,20,40,Carb-rich,No,8:30 AM,3,Sad,Hope boy door.
21:52.9,5:30 AM,8.9,30,0,Skipped,No,7:30 AM,7,Happy,Above charge course study.
21:52.9,6:45 AM,8,15,30,Skipped,Yes,9:45 AM,7,Happy,East go without go someone another east.
21:52.9,6:15 AM,5.9,10,50,Protein-rich,No,9:15 AM,3,Sad,Seat next news.
21:52.9,6:45 AM,6.1,20,60,Light,No,7:45 AM,6,Neutral,Impact develop available reach begin large decision.
21:52.9,5:45 AM,7.1,15,20,Protein-rich,Yes,6:45 AM,4,Sad,Rest word help glass Republican.
21:52.9,4:00 AM,7.4,0,20,Skipped,No,6:00 AM,4,Sad,Home deep camera Republican lay.
21:52.9,8:00 AM,5.8,15,10,Skipped,No,9:00 AM,6,Sad,Spend school up but name parent him.
21:52.9,4:45 AM,5.7,20,60,Light,Yes,6:45 AM,5,Sad,Resource over follow seven develop then.
21:52.9,4:45 AM,5.7,30,30,Skipped,Yes,5:45 AM,5,Sad,Court reality take enough with.
21:52.9,9:30 AM,6.2,5,50,Skipped,Yes,11:30 AM,7,Neutral,Ground suddenly culture.
21:52.9,9:00 AM,7.2,20,10,Heavy,Yes,12:00 PM,4,Sad,Range expect certainly.
21:52.9,5:15 AM,7.2,20,30,Protein-rich,No,6:15 AM,6,Neutral,Teach key film war add forward rate.
21:52.9,4:15 AM,5.2,30,20,Light,No,6:15 AM,5,Sad,Southern arm newspaper city.
21:52.9,8:00 AM,7,15,0,Carb-rich,Yes,10:00 AM,7,Happy,Perform difference sound news lay keep center.
21:52.9,7:30 AM,6.6,20,60,Skipped,Yes,10:30 AM,5,Neutral,Team sing stand school travel traditional personal police.
21:52.9,6:45 AM,7.7,30,20,Skipped,No,8:45 AM,5,Neutral,Could senior start.
21:52.9,6:45 AM,8.6,0,50,Skipped,Yes,7:45 AM,6,Neutral,Responsibility each film size season.
21:52.9,6:45 AM,7.1,25,60,Carb-rich,No,8:45 AM,5,Neutral,Improve policy assume likely.
21:52.9,6:45 AM,5,5,20,Light,No,7:45 AM,1,Sad,Professional I loss second table tax.
21:52.9,5:45 AM,7.1,0,0,Protein-rich,Yes,7:45 AM,4,Sad,Center through campaign discover.
21:52.9,7:30 AM,7.6,5,20,Protein-rich,Yes,9:30 AM,5,Neutral,Because old agent teach position.
21:52.9,4:45 AM,6.9,20,30,Light,No,5:45 AM,7,Neutral,Share our child property pull never.
21:52.9,9:00 AM,8.5,20,0,Protein-rich,Yes,10:00 AM,6,Neutral,Finish head let pull.
21:52.9,6:45 AM,5.2,0,50,Skipped,No,7:45 AM,1,Sad,Apply apply common consumer red without.
21:52.9,9:00 AM,6.3,0,30,Heavy,Yes,12:00 PM,3,Sad,Measure check task.
21:52.9,9:15 AM,8.1,20,20,Carb-rich,No,12:15 PM,5,Neutral,Remember what final interesting job catch billion sea.
21:52.9,4:15 AM,8.7,10,10,Protein-rich,Yes,6:15 AM,6,Neutral,Charge role organization eight.
21:52.9,4:45 AM,7.7,30,50,Carb-rich,No,6:45 AM,6,Neutral,They fall fish water base.
21:52.9,5:45 AM,7.9,5,30,Heavy,No,7:45 AM,8,Happy,Thus life individual.
21:52.9,6:15 AM,6.6,20,50,Carb-rich,No,8:15 AM,7,Neutral,Dream whole near huge itself show begin.
21:52.9,8:00 AM,6,20,50,Protein-rich,No,11:00 AM,5,Neutral,Style oil sign wonder material admit.
21:52.9,5:00 AM,6.6,30,10,Carb-rich,No,6:00 AM,5,Neutral,Take talk all with day.
21:52.9,4:00 AM,5.9,20,20,Protein-rich,Yes,6:00 AM,3,Sad,Involve dinner they would we major approach indeed.
21:52.9,6:15 AM,5.6,15,40,Heavy,No,7:15 AM,3,Sad,It another strategy music everybody.
21:52.9,7:15 AM,6,30,10,Carb-rich,Yes,9:15 AM,3,Sad,Old find whom clear on.
21:52.9,6:45 AM,7.6,0,30,Heavy,Yes,7:45 AM,7,Happy,Week full follow eye.
21:52.9,8:00 AM,6.6,20,0,Protein-rich,Yes,9:00 AM,6,Neutral,Laugh age represent.
21:52.9,8:45 AM,7.9,5,50,Heavy,No,10:45 AM,6,Neutral,Above animal describe sound feeling prepare personal.
21:52.9,8:30 AM,8.1,20,60,Protein-rich,No,10:30 AM,7,Happy,Believe down role employee live plan lawyer.
21:52.9,5:15 AM,8.2,10,60,Carb-rich,No,6:15 AM,8,Happy,Bed religious nor rather.
21:52.9,5:00 AM,5.7,10,50,Skipped,Yes,7:00 AM,5,Sad,Expect new Mr ten test.
21:52.9,5:30 AM,6.1,25,0,Protein-rich,No,8:30 AM,4,Sad,Theory product country.
21:52.9,6:45 AM,6.5,0,50,Carb-rich,Yes,9:45 AM,3,Sad,Day whom two since well will.
21:52.9,5:15 AM,5.4,30,10,Carb-rich,Yes,7:15 AM,2,Sad,Player whatever run degree big.
21:52.9,7:15 AM,8,0,20,Skipped,No,8:15 AM,6,Neutral,Project day after once discussion.
21:52.9,6:30 AM,5.7,30,20,Heavy,Yes,7:30 AM,2,Sad,Tend economic teach goal improve song.
21:52.9,7:30 AM,7.4,0,0,Light,Yes,10:30 AM,6,Neutral,Project common blood each education.
21:52.9,5:30 AM,8.3,0,50,Light,No,6:30 AM,8,Happy,Continue dark expect their test.
21:52.9,6:00 AM,8.6,20,40,Carb-rich,No,9:00 AM,9,Happy,Stuff game would force condition.
21:52.9,9:45 AM,7,5,40,Skipped,No,10:45 AM,8,Happy,Claim stop professional mission thank positive how economy.
21:52.9,8:30 AM,5.9,30,50,Protein-rich,No,11:30 AM,5,Sad,Nation student hotel finally.
21:52.9,8:45 AM,7.5,15,10,Protein-rich,Yes,10:45 AM,7,Happy,Marriage sister ever dark.
21:52.9,9:30 AM,7.9,15,0,Skipped,No,10:30 AM,8,Happy,Environment with voice catch.
21:52.9,4:45 AM,6.4,25,60,Carb-rich,Yes,6:45 AM,5,Neutral,Form early staff better visit our music.
21:52.9,7:30 AM,6.2,30,50,Light,No,10:30 AM,4,Sad,World decide threat realize stage.
21:52.9,7:45 AM,7.4,25,50,Skipped,No,8:45 AM,8,Happy,Game wish so pass consider.
21:52.9,5:15 AM,8.7,25,10,Carb-rich,No,8:15 AM,6,Neutral,Time rate cover her husband.
21:52.9,5:45 AM,8.9,25,30,Skipped,No,6:45 AM,9,Happy,Produce score media continue control.
21:52.9,9:45 AM,7.6,30,40,Light,No,10:45 AM,6,Neutral,Time claim loss true deep.
21:52.9,9:15 AM,7.8,10,60,Carb-rich,Yes,10:15 AM,9,Happy,Fear even far social into small pressure hit.
21:52.9,4:30 AM,7.8,5,0,Carb-rich,Yes,5:30 AM,8,Happy,Son no care cause inside recent.
21:52.9,7:45 AM,5.6,5,60,Light,Yes,10:45 AM,5,Sad,Back response traditional computer carry.
21:52.9,5:30 AM,8,5,20,Skipped,No,6:30 AM,8,Happy,Skill economic floor term economic building.
21:52.9,5:15 AM,6.5,30,50,Heavy,Yes,6:15 AM,4,Sad,Result easy drop affect certain always.
21:52.9,5:30 AM,6.9,10,10,Skipped,No,8:30 AM,5,Neutral,Poor include after PM traditional like.
21:52.9,4:45 AM,6.2,30,0,Heavy,No,6:45 AM,6,Neutral,Agree true even mission third there.
21:52.9,7:00 AM,5,10,60,Carb-rich,Yes,8:00 AM,2,Sad,Run third coach size resource put.
21:52.9,6:30 AM,7.2,10,10,Protein-rich,Yes,9:30 AM,7,Happy,Person baby training.
21:52.9,6:30 AM,6.7,30,50,Heavy,No,9:30 AM,6,Neutral,Ready marriage top war board.
21:52.9,9:30 AM,7.9,5,0,Carb-rich,No,11:30 AM,7,Happy,Do speech then among personal last board.
21:52.9,4:45 AM,5.9,30,0,Protein-rich,No,7:45 AM,4,Sad,Five development ago traditional mind company sing.
21:52.9,9:45 AM,8.2,25,60,Heavy,Yes,10:45 AM,10,Happy,Doctor paper region their.
21:52.9,8:30 AM,5.9,5,0,Skipped,No,11:30 AM,5,Sad,Fund company yard back write position research.
21:52.9,6:30 AM,6.5,25,40,Protein-rich,Yes,8:30 AM,8,Neutral,As war our sometimes expert anyone mind.
21:52.9,9:45 AM,5,30,10,Protein-rich,No,12:45 PM,1,Sad,Under race should gun coach.
21:52.9,6:30 AM,5.5,5,0,Carb-rich,No,7:30 AM,4,Sad,Head table security wall.
21:52.9,6:45 AM,5.3,15,30,Carb-rich,Yes,8:45 AM,3,Sad,Every learn rich report.
21:52.9,6:15 AM,7.3,25,60,Carb-rich,Yes,7:15 AM,5,Neutral,Hear join agree affect.
21:52.9,8:15 AM,7.7,15,40,Heavy,Yes,11:15 AM,7,Happy,Plant strategy different cover.
21:52.9,6:30 AM,5.7,30,10,Protein-rich,Yes,8:30 AM,4,Sad,Protect line affect image own according various.
21:52.9,6:30 AM,5,20,40,Heavy,No,8:30 AM,2,Sad,Simply choose notice enjoy last along feeling onto.
21:52.9,6:15 AM,8.5,20,60,Protein-rich,No,8:15 AM,10,Happy,Field eye through radio any.
21:52.9,6:00 AM,6.2,20,40,Light,No,7:00 AM,6,Neutral,Effect special debate wide market TV.
21:52.9,8:45 AM,8.6,20,20,Light,No,10:45 AM,8,Happy,Southern process health professional.
21:52.9,8:45 AM,6.1,20,20,Heavy,Yes,9:45 AM,3,Sad,Try foreign force well wear test because.
21:52.9,9:45 AM,8.1,20,20,Skipped,Yes,12:45 PM,7,Happy,Series book fast usually indicate phone parent return.
21:52.9,8:45 AM,7.4,0,20,Heavy,No,10:45 AM,4,Sad,Break impact character rock.
21:52.9,4:45 AM,8.6,20,10,Protein-rich,Yes,5:45 AM,9,Happy,Why teach add section wish pretty.
21:52.9,6:15 AM,7.1,20,20,Heavy,Yes,9:15 AM,5,Neutral,Ahead themselves perhaps great program process.
21:52.9,7:45 AM,7.7,5,10,Carb-rich,Yes,9:45 AM,7,Happy,Trouble conference north include moment care ahead.
21:52.9,6:30 AM,6.4,25,0,Carb-rich,Yes,7:30 AM,6,Neutral,Against bed teach former hospital.
21:52.9,4:00 AM,8,15,50,Light,Yes,5:00 AM,9,Happy,Bank cost attack much sure.
21:52.9,7:45 AM,5.3,15,30,Protein-rich,Yes,10:45 AM,2,Sad,Force me hope.
21:52.9,7:00 AM,7.6,15,0,Skipped,No,8:00 AM,8,Happy,To there father.
21:52.9,4:00 AM,8.3,0,50,Heavy,No,5:00 AM,6,Neutral,Break option short million.
21:52.9,7:45 AM,8.7,10,20,Carb-rich,Yes,9:45 AM,8,Happy,Tend grow study do try young future.
21:52.9,9:00 AM,6.4,30,0,Protein-rich,Yes,11:00 AM,3,Sad,Sense town material strong painting newspaper himself.
21:52.9,9:45 AM,6.7,5,10,Protein-rich,No,11:45 AM,5,Neutral,Which subject imagine face necessary let someone.
21:52.9,7:30 AM,9,10,60,Skipped,No,9:30 AM,10,Happy,Soldier against part today former great two.
21:52.9,7:00 AM,5.5,20,40,Carb-rich,Yes,9:00 AM,5,Sad,Church certain during seat provide alone west amount.
21:52.9,9:30 AM,8.3,20,50,Light,Yes,11:30 AM,8,Happy,Mention security better.
21:52.9,5:15 AM,8.2,20,50,Heavy,No,7:15 AM,6,Neutral,Spend once campaign so kind best part idea.
21:52.9,6:45 AM,8.9,30,60,Carb-rich,Yes,8:45 AM,10,Happy,Design nearly real indicate production.
21:52.9,9:30 AM,7,30,10,Skipped,No,11:30 AM,7,Happy,Finish red color table case summer.
21:52.9,4:45 AM,8.9,15,20,Light,Yes,6:45 AM,10,Happy,Car a threat matter old everybody.
21:52.9,7:30 AM,5.9,25,30,Heavy,Yes,8:30 AM,6,Sad,Include against song first debate economy.
21:52.9,5:00 AM,5.5,15,0,Carb-rich,Yes,7:00 AM,3,Sad,Modern city school onto.
21:52.9,6:30 AM,6.6,10,20,Skipped,No,7:30 AM,4,Sad,Safe mission break simply.
21:52.9,8:00 AM,8.4,0,20,Protein-rich,No,9:00 AM,7,Happy,Drop although cost major.
21:52.9,6:45 AM,7.9,25,0,Heavy,Yes,9:45 AM,6,Neutral,Black do thought.
21:52.9,6:00 AM,5.3,0,40,Carb-rich,No,8:00 AM,2,Sad,World upon bit under its region.
21:52.9,4:45 AM,5.5,30,20,Protein-rich,Yes,7:45 AM,5,Sad,Increase lawyer practice guy.
21:52.9,7:15 AM,5.2,20,50,Heavy,No,10:15 AM,2,Sad,Discover single address win American music once.
21:52.9,5:30 AM,8.2,10,40,Heavy,No,6:30 AM,8,Happy,Deep ok success nation increase relationship mouth.
21:52.9,9:00 AM,6.9,30,50,Light,No,12:00 PM,8,Neutral,Deep too yet scene cup.
21:52.9,4:00 AM,7.2,20,20,Light,Yes,7:00 AM,7,Happy,Meeting certainly still situation manager despite should.
21:52.9,6:15 AM,7.1,30,60,Protein-rich,Yes,7:15 AM,6,Neutral,Term detail whatever its.
21:52.9,5:45 AM,8.4,20,50,Heavy,Yes,6:45 AM,8,Happy,Sport ahead right director wear finish may.
21:52.9,7:00 AM,6.1,0,30,Carb-rich,Yes,9:00 AM,3,Sad,Only visit she parent.
21:52.9,4:00 AM,7.3,0,0,Protein-rich,No,5:00 AM,6,Neutral,Themselves fight film forward minute account career someone.
21:52.9,5:45 AM,6.7,5,0,Skipped,Yes,7:45 AM,3,Sad,Meet sure several require play under.
21:52.9,9:30 AM,7,0,20,Heavy,Yes,11:30 AM,5,Neutral,Write enter continue campaign.
21:52.9,9:45 AM,7.9,0,60,Skipped,No,10:45 AM,6,Neutral,Skin there whatever reduce.
21:52.9,5:15 AM,6,15,40,Skipped,Yes,7:15 AM,5,Neutral,True anything take card leader able last often.
21:52.9,8:45 AM,7,5,10,Skipped,No,10:45 AM,4,Sad,Seem somebody girl.
21:52.9,6:30 AM,7.9,15,20,Protein-rich,No,9:30 AM,8,Happy,Course politics end if away attention its character.
21:52.9,7:30 AM,5.4,15,50,Protein-rich,No,10:30 AM,5,Sad,Attack focus attention course affect.
21:52.9,9:45 AM,7.4,30,0,Light,No,10:45 AM,5,Neutral,Culture very politics.
21:52.9,5:00 AM,7.8,20,0,Heavy,Yes,6:00 AM,7,Happy,Computer instead yet degree figure tend gun.
21:52.9,9:45 AM,7.2,15,60,Light,Yes,12:45 PM,9,Happy,People career level difference however.
21:52.9,8:00 AM,6,25,30,Light,Yes,9:00 AM,3,Sad,Physical turn would prepare study policy evening.
21:52.9,6:15 AM,8.4,25,0,Carb-rich,Yes,7:15 AM,9,Happy,Involve ability toward data smile fund stage agree.
21:52.9,9:45 AM,5.2,10,60,Carb-rich,No,11:45 AM,3,Sad,Eye resource night.
21:52.9,6:45 AM,6.1,30,20,Heavy,No,8:45 AM,5,Neutral,Practice face physical almost.
21:52.9,8:15 AM,8,15,40,Carb-rich,Yes,9:15 AM,8,Happy,Face almost step improve mother provide.
21:52.9,6:45 AM,7.7,30,20,Protein-rich,Yes,9:45 AM,5,Neutral,Issue debate head material.
21:52.9,5:45 AM,5.7,0,50,Skipped,Yes,7:45 AM,5,Sad,Better defense offer chair phone.
21:52.9,6:00 AM,8.1,0,60,Skipped,No,9:00 AM,7,Happy,Great little price station.
21:52.9,9:30 AM,8.2,30,30,Skipped,No,11:30 AM,7,Happy,Create style action picture hundred.
21:52.9,7:45 AM,6.9,20,30,Protein-rich,No,9:45 AM,6,Neutral,Performance as chair sound soldier local accept.
21:52.9,8:30 AM,6.1,10,30,Carb-rich,No,11:30 AM,4,Sad,Purpose themselves true ask sure read.
21:52.9,5:15 AM,7.1,30,0,Skipped,Yes,6:15 AM,6,Neutral,Remember professor down say century student political.
21:52.9,6:15 AM,6.2,10,0,Heavy,Yes,7:15 AM,3,Sad,Low skill voice through relationship voice.
21:52.9,5:45 AM,7.5,10,10,Light,Yes,6:45 AM,5,Neutral,Edge pick water glass one statement.
21:52.9,6:15 AM,7.8,5,0,Carb-rich,No,8:15 AM,8,Happy,Whose will give stock.
21:52.9,7:45 AM,8.8,20,20,Heavy,Yes,8:45 AM,10,Happy,Resource answer teacher.
21:52.9,6:45 AM,6.3,10,60,Heavy,Yes,7:45 AM,5,Neutral,Now especially nation sea.
21:52.9,6:00 AM,8.7,25,50,Light,Yes,8:00 AM,10,Happy,Result million food also create.
21:52.9,6:00 AM,7.8,0,60,Light,Yes,9:00 AM,9,Happy,Explain product property newspaper my seat.
21:52.9,5:15 AM,5.9,30,10,Protein-rich,Yes,7:15 AM,2,Sad,Election special pull government.
21:52.9,8:45 AM,6.9,0,60,Skipped,Yes,11:45 AM,5,Neutral,Drug be heavy risk.
21:52.9,8:00 AM,5.5,5,50,Protein-rich,No,9:00 AM,3,Sad,White shoulder catch college responsibility set up.
21:52.9,9:45 AM,6.6,30,20,Heavy,Yes,10:45 AM,6,Neutral,Quality challenge week themselves true fall.
21:52.9,9:00 AM,8.1,5,40,Light,Yes,12:00 PM,9,Happy,Claim late maybe ball.
21:52.9,6:30 AM,9,10,60,Carb-rich,No,9:30 AM,9,Happy,Spring happen century protect.
21:52.9,9:15 AM,8.9,25,0,Heavy,Yes,11:15 AM,9,Happy,Bill unit role politics foot.
21:52.9,5:00 AM,8.3,30,20,Skipped,Yes,7:00 AM,9,Happy,Loss remember agree she work phone argue generation.
21:52.9,4:45 AM,7.5,10,30,Heavy,Yes,5:45 AM,8,Happy,While real half provide.
21:52.9,4:45 AM,6.4,20,30,Heavy,No,5:45 AM,7,Neutral,Per today enough against hear friend partner.
21:52.9,8:15 AM,8.2,5,0,Skipped,Yes,10:15 AM,9,Happy,Send lose others even hotel.
21:52.9,4:45 AM,8.9,30,60,Light,No,6:45 AM,10,Happy,Political special suddenly themselves.
21:52.9,9:30 AM,6.2,30,30,Light,Yes,10:30 AM,3,Sad,Through great sign by college.
21:52.9,6:15 AM,8.9,10,20,Carb-rich,No,8:15 AM,10,Happy,Pay set event through film light off.
21:52.9,8:15 AM,8.4,5,60,Protein-rich,No,9:15 AM,9,Happy,Keep see nearly analysis create.
21:52.9,4:45 AM,5.3,0,30,Light,No,6:45 AM,2,Sad,Add author go hospital.
21:52.9,7:00 AM,7.3,0,40,Skipped,Yes,9:00 AM,5,Neutral,Simply interview someone represent people fly deep.
21:52.9,9:15 AM,7.5,10,60,Skipped,Yes,11:15 AM,8,Happy,Bring significant area.
21:52.9,8:00 AM,6.2,20,0,Carb-rich,Yes,10:00 AM,5,Neutral,Many sell specific interesting present.
21:52.9,4:30 AM,6.4,0,60,Carb-rich,No,7:30 AM,5,Neutral,Physical nearly state recently stage million.
21:52.9,5:45 AM,8.3,0,60,Light,No,7:45 AM,6,Neutral,Research me keep network war different.
21:52.9,6:30 AM,5.6,25,20,Protein-rich,Yes,9:30 AM,3,Sad,Season door environmental whatever.
21:52.9,7:15 AM,7.1,25,30,Protein-rich,No,8:15 AM,7,Happy,Weight size nation recently.
21:52.9,7:15 AM,7,15,10,Heavy,No,10:15 AM,7,Happy,Study reality staff article.
21:52.9,8:30 AM,8.6,10,20,Heavy,No,11:30 AM,9,Happy,Method operation reality.
21:52.9,5:00 AM,5.3,15,40,Heavy,No,7:00 AM,4,Sad,Case purpose born give alone.
21:52.9,9:15 AM,8.6,0,10,Carb-rich,Yes,11:15 AM,6,Neutral,Window interesting once set tend economic.
21:52.9,9:00 AM,5,5,60,Protein-rich,No,12:00 PM,2,Sad,Else board foreign a environmental.
21:52.9,4:30 AM,5.2,0,20,Skipped,No,5:30 AM,1,Sad,Wear region manager land drug guess.
21:52.9,8:30 AM,6.1,25,50,Protein-rich,Yes,9:30 AM,4,Sad,Resource program consider mean.
21:52.9,7:30 AM,6.5,10,40,Skipped,Yes,8:30 AM,4,Sad,Pattern property citizen likely.
21:52.9,8:00 AM,5.7,0,0,Protein-rich,No,11:00 AM,1,Sad,Page oil show partner line area.
21:52.9,7:30 AM,7.1,0,40,Carb-rich,No,10:30 AM,6,Neutral,Safe would happy.
21:52.9,5:15 AM,5.1,20,30,Carb-rich,No,8:15 AM,2,Sad,Every professional common answer painting decision.
21:52.9,6:00 AM,6.1,5,40,Heavy,No,7:00 AM,5,Neutral,Wonder physical read campaign traditional.
21:52.9,6:15 AM,8.6,0,40,Heavy,No,8:15 AM,6,Neutral,Poor speech bag.
21:52.9,4:00 AM,8.5,20,50,Carb-rich,Yes,5:00 AM,8,Happy,Happen property time place fine.
21:52.9,5:30 AM,6.6,15,60,Carb-rich,No,6:30 AM,8,Neutral,Decision those effect school meet per factor.
21:52.9,8:45 AM,5.6,10,0,Heavy,No,10:45 AM,2,Sad,Operation bank skin.
21:52.9,4:45 AM,8.5,15,20,Protein-rich,Yes,5:45 AM,7,Happy,Get expect message sign course produce bed.
21:52.9,7:45 AM,7.8,0,0,Heavy,No,8:45 AM,5,Neutral,Trouble million smile cup various so.
21:52.9,4:45 AM,5.2,20,10,Skipped,No,6:45 AM,4,Sad,Trouble husband will side magazine wife take officer.
21:52.9,8:00 AM,5.7,5,50,Skipped,Yes,9:00 AM,3,Sad,That significant necessary thank end anyone.
21:52.9,6:00 AM,7.5,10,0,Heavy,Yes,7:00 AM,5,Neutral,Water reduce site allow.
21:52.9,6:00 AM,6.2,5,10,Protein-rich,Yes,7:00 AM,3,Sad,Send just others little meeting.
21:52.9,6:30 AM,6.1,15,20,Light,No,8:30 AM,6,Neutral,Only mission education true.
21:52.9,4:15 AM,8.3,5,60,Skipped,No,6:15 AM,8,Happy,High hospital law air.
21:52.9,7:30 AM,6.9,25,40,Protein-rich,No,9:30 AM,6,Neutral,Conference include standard.
21:52.9,4:30 AM,5.4,5,30,Carb-rich,No,6:30 AM,4,Sad,Play process subject hit law school.
21:52.9,6:15 AM,5.9,25,50,Heavy,Yes,8:15 AM,3,Sad,Already relationship water then room any.
21:52.9,7:45 AM,7.3,25,40,Skipped,Yes,9:45 AM,9,Happy,Vote ability window crime world suggest relationship director.
21:52.9,9:00 AM,7.4,10,10,Carb-rich,No,12:00 PM,7,Happy,Size plant front movie.
21:52.9,9:30 AM,8.5,0,10,Skipped,Yes,10:30 AM,8,Happy,Morning word return network.
21:52.9,9:45 AM,7.8,25,30,Light,Yes,11:45 AM,9,Happy,Throughout but phone ok.
21:52.9,6:15 AM,6.4,25,60,Heavy,No,9:15 AM,5,Neutral,Make hundred chair need.
21:52.9,5:45 AM,6.5,30,0,Heavy,Yes,6:45 AM,5,Neutral,Of education available guy paper letter baby open.
21:52.9,8:30 AM,6,10,30,Carb-rich,Yes,11:30 AM,3,Sad,Reach parent tell game two recent on.
21:52.9,7:15 AM,8.9,0,0,Skipped,No,8:15 AM,7,Happy,Seven fish deal.
21:52.9,5:00 AM,7.3,20,0,Carb-rich,No,7:00 AM,5,Neutral,Whatever serious story glass thing kind.
21:52.9,9:30 AM,5.6,30,20,Light,Yes,12:30 PM,2,Sad,Them old throughout what.
21:52.9,6:00 AM,8.7,5,60,Skipped,No,8:00 AM,8,Happy,Coach radio military perhaps nearly building not.
21:52.9,6:15 AM,5.9,0,20,Carb-rich,No,9:15 AM,5,Sad,Mean on environment own quality what lawyer.
21:52.9,5:00 AM,7.7,30,60,Light,Yes,8:00 AM,7,Happy,Sense today strategy dog quickly including.
21:52.9,6:30 AM,5.4,5,40,Heavy,Yes,8:30 AM,4,Sad,Resource help economy activity for indeed beyond.
21:52.9,4:45 AM,8.7,15,0,Heavy,No,6:45 AM,6,Neutral,Realize their prevent image data most base close.
21:52.9,5:15 AM,5.5,30,20,Carb-rich,Yes,6:15 AM,5,Sad,Fish effort appear four should whom rest.
21:52.9,4:00 AM,5.1,25,10,Skipped,No,6:00 AM,1,Sad,Standard rather garden store lose.
21:52.9,4:30 AM,6.4,10,40,Heavy,Yes,7:30 AM,6,Neutral,Attention set remember sell order.
21:52.9,4:45 AM,5.4,10,40,Carb-rich,Yes,6:45 AM,4,Sad,Hotel performance phone design result.
21:52.9,5:30 AM,7.3,10,0,Protein-rich,Yes,7:30 AM,7,Happy,Wrong theory protect work human.
21:52.9,9:45 AM,5.3,5,10,Heavy,No,10:45 AM,2,Sad,Certain authority writer get condition face.
21:52.9,9:45 AM,7.5,20,0,Carb-rich,Yes,12:45 PM,5,Neutral,Expert daughter property modern card concern.
21:52.9,8:00 AM,6.4,0,10,Protein-rich,No,11:00 AM,4,Sad,Head idea pick interesting which standard.
21:52.9,5:00 AM,8.1,30,60,Heavy,Yes,7:00 AM,10,Happy,Source large commercial according current special challenge.
21:52.9,4:45 AM,7.8,10,50,Heavy,Yes,5:45 AM,6,Neutral,Professional realize again capital.
21:52.9,4:30 AM,5.7,15,40,Skipped,No,6:30 AM,4,Sad,Like mission last run effort truth.
21:52.9,7:45 AM,5.4,15,0,Carb-rich,Yes,9:45 AM,5,Sad,Point expect arm recent.
21:52.9,8:30 AM,5.1,30,60,Skipped,Yes,9:30 AM,3,Sad,As me professor could indicate somebody book think.
21:52.9,5:15 AM,7.1,20,0,Heavy,Yes,7:15 AM,6,Neutral,Push cost analysis deal TV.
21:52.9,6:00 AM,9,20,30,Skipped,Yes,7:00 AM,9,Happy,Foot floor main unit team thank low magazine.
21:52.9,7:15 AM,5.8,30,40,Protein-rich,Yes,9:15 AM,3,Sad,Sing base population.
21:52.9,9:45 AM,6.8,25,0,Heavy,Yes,12:45 PM,7,Neutral,Military cost focus.
21:52.9,4:00 AM,8.2,15,10,Protein-rich,No,7:00 AM,6,Neutral,Decide into television treat figure black response begin.
21:52.9,7:45 AM,8,0,0,Heavy,Yes,9:45 AM,4,Sad,You kid small fish evidence term.
21:52.9,4:00 AM,7.9,15,10,Protein-rich,No,6:00 AM,9,Happy,Benefit final million music.
21:52.9,5:15 AM,6.6,15,60,Protein-rich,No,7:15 AM,6,Neutral,Bank take decide.
21:52.9,5:00 AM,6.4,5,50,Protein-rich,Yes,6:00 AM,7,Neutral,Support likely pay.
21:52.9,9:00 AM,8.4,10,20,Heavy,No,10:00 AM,7,Happy,According us owner its nearly baby politics.
21:52.9,7:15 AM,8.1,20,10,Protein-rich,Yes,10:15 AM,9,Happy,Matter she suggest question according hold now know.
21:52.9,9:30 AM,7.5,15,10,Light,No,11:30 AM,7,Happy,Them with great.
21:52.9,9:45 AM,7.5,0,50,Heavy,Yes,11:45 AM,7,Happy,Parent true we town sign task whom.
21:52.9,6:00 AM,6.1,10,60,Heavy,No,9:00 AM,7,Neutral,Design majority American tonight statement night court.
21:52.9,9:15 AM,7.4,15,20,Light,No,10:15 AM,8,Happy,Teach continue participant mean near paper.
21:52.9,6:45 AM,6.5,5,20,Light,Yes,9:45 AM,5,Neutral,Health blood million cut southern imagine.
21:52.9,6:45 AM,5.2,20,0,Heavy,Yes,7:45 AM,4,Sad,Maybe different purpose seek writer hard reduce.
21:52.9,5:15 AM,5.1,20,10,Skipped,Yes,8:15 AM,3,Sad,Pm dog send media board education.
21:52.9,7:00 AM,6,30,40,Carb-rich,No,8:00 AM,5,Neutral,Which reality letter hold between appear.
21:52.9,5:15 AM,7,30,40,Heavy,No,6:15 AM,6,Neutral,Method market them itself quality white similar according.
21:52.9,7:30 AM,7.8,10,50,Light,No,8:30 AM,9,Happy,Accept pressure chair performance voice theory big.
21:52.9,8:00 AM,5.6,10,60,Heavy,No,9:00 AM,6,Sad,Easy campaign good century fall.
21:52.9,8:15 AM,5.9,25,20,Skipped,No,10:15 AM,6,Sad,Rate if factor represent.
21:52.9,9:45 AM,7.2,25,0,Heavy,Yes,10:45 AM,5,Neutral,Place involve poor talk energy magazine avoid.
21:52.9,8:45 AM,7.2,25,10,Heavy,Yes,9:45 AM,5,Neutral,Beat discussion ahead.
21:52.9,4:15 AM,7.6,15,50,Carb-rich,No,6:15 AM,6,Neutral,Simple main site stop position.
21:52.9,6:15 AM,5.8,20,0,Skipped,Yes,9:15 AM,3,Sad,Themselves determine admit response city population serve.
21:52.9,4:15 AM,8.2,15,60,Heavy,No,6:15 AM,9,Happy,Pm financial board.
21:52.9,5:30 AM,7.1,5,40,Carb-rich,Yes,7:30 AM,5,Neutral,Someone try side nice sport.
21:52.9,7:00 AM,5.2,30,10,Protein-rich,Yes,8:00 AM,5,Sad,Effort fund certain whole keep second.
21:52.9,6:15 AM,7.2,15,10,Carb-rich,No,9:15 AM,5,Neutral,Include decision person purpose bar score.
21:52.9,5:15 AM,5.9,15,40,Light,Yes,8:15 AM,4,Sad,System anyone face often perhaps film situation.
21:52.9,6:45 AM,6,0,50,Heavy,Yes,9:45 AM,2,Sad,Heart example participant political station series.
21:52.9,9:45 AM,6,5,50,Heavy,No,12:45 PM,5,Neutral,Despite like compare member help century.
21:52.9,7:00 AM,8.7,20,50,Carb-rich,Yes,10:00 AM,10,Happy,Skill tough outside return who these apply.
21:52.9,6:00 AM,6.3,15,20,Heavy,Yes,9:00 AM,6,Neutral,Meeting standard accept surface.
21:52.9,6:15 AM,7.1,30,0,Skipped,No,7:15 AM,7,Happy,Cultural yet voice air set again exactly.
21:52.9,7:30 AM,5.1,5,10,Heavy,Yes,8:30 AM,1,Sad,Change night child catch exist down catch.
21:52.9,9:00 AM,5.6,10,0,Heavy,Yes,12:00 PM,5,Sad,Style better cell far enter fall.
21:52.9,5:15 AM,6.8,15,0,Heavy,No,8:15 AM,4,Sad,Near face gas through.
21:52.9,8:15 AM,7.8,25,40,Light,No,10:15 AM,6,Neutral,Late bring feel choice sometimes bill.
21:52.9,6:30 AM,8.6,30,60,Protein-rich,Yes,9:30 AM,9,Happy,Floor Republican one and chance.
21:52.9,4:00 AM,7.4,10,60,Skipped,Yes,5:00 AM,8,Happy,Lose party picture economic system despite.
21:52.9,6:45 AM,6.8,20,10,Protein-rich,No,9:45 AM,7,Neutral,Discuss loss option name part.
21:52.9,5:30 AM,8.2,0,20,Carb-rich,Yes,8:30 AM,7,Happy,Spring certainly include total specific.
21:52.9,4:30 AM,8.9,0,30,Protein-rich,Yes,6:30 AM,9,Happy,Why itself job idea budget on reflect.
21:52.9,9:45 AM,7.3,15,50,Heavy,Yes,10:45 AM,6,Neutral,Finish southern indicate memory fact baby ball for.
21:52.9,7:15 AM,7.8,5,0,Light,No,8:15 AM,7,Happy,Crime no painting.
21:52.9,6:15 AM,8.6,20,20,Heavy,No,8:15 AM,9,Happy,Key sound series stand beautiful.
21:52.9,7:30 AM,6.4,20,10,Heavy,Yes,8:30 AM,4,Sad,None industry writer wall billion city speak.
21:52.9,9:15 AM,7.6,5,40,Carb-rich,No,10:15 AM,8,Happy,Support between cost never old cut.
21:52.9,6:00 AM,5.2,5,40,Carb-rich,No,9:00 AM,6,Sad,Design scene drive test already information.
21:52.9,8:45 AM,6.6,5,10,Heavy,Yes,9:45 AM,6,Neutral,Still compare outside woman far goal color boy.
21:52.9,4:30 AM,8.7,25,10,Protein-rich,No,7:30 AM,7,Happy,Entire place investment large accept.
21:52.9,7:00 AM,6.8,25,10,Protein-rich,No,10:00 AM,6,Neutral,Know think yeah table employee direction.
21:52.9,6:45 AM,8.3,30,0,Heavy,No,7:45 AM,6,Neutral,Box step green organization around public expert.
21:52.9,9:45 AM,8.9,25,60,Heavy,No,12:45 PM,9,Happy,Old sea guy yard lawyer western half edge.
21:52.9,7:00 AM,5.7,5,20,Protein-rich,Yes,9:00 AM,5,Sad,Series most baby cultural partner movie maybe.
21:52.9,5:00 AM,6.4,5,30,Carb-rich,Yes,6:00 AM,7,Neutral,Car commercial voice natural.
21:52.9,5:30 AM,8.6,20,30,Light,Yes,8:30 AM,10,Happy,Form the sound bad stay parent operation.
21:52.9,5:30 AM,5.2,15,50,Heavy,No,6:30 AM,3,Sad,Arrive language population approach when with reality.
21:52.9,9:30 AM,8.7,15,50,Light,No,12:30 PM,8,Happy,Second allow chance hour young agreement discover.
21:52.9,6:45 AM,7.5,20,50,Carb-rich,Yes,7:45 AM,7,Happy,Beautiful board party get account.
21:52.9,9:45 AM,8.5,20,10,Skipped,No,12:45 PM,8,Happy,Direction for third explain call.
21:52.9,9:15 AM,5.9,5,0,Protein-rich,Yes,11:15 AM,4,Sad,Eight hot whether already effect guess.
21:52.9,5:15 AM,5.7,20,30,Carb-rich,No,8:15 AM,3,Sad,Land go dark son.
21:52.9,9:15 AM,5.5,15,50,Protein-rich,No,10:15 AM,5,Sad,Forget bar keep term or remember north.
21:52.9,6:45 AM,6.8,5,50,Skipped,Yes,9:45 AM,6,Neutral,Growth protect wait style up important drive party.
21:52.9,4:30 AM,7.1,20,30,Skipped,No,6:30 AM,5,Neutral,Officer real whatever hear risk someone whether.
21:52.9,6:15 AM,8.9,5,60,Light,No,7:15 AM,9,Happy,Herself tend alone suddenly mission work hope.
21:52.9,6:30 AM,8.2,20,20,Skipped,Yes,8:30 AM,8,Happy,Word national you.
21:52.9,8:30 AM,7.6,10,60,Light,Yes,10:30 AM,8,Happy,Seven energy off person like blood really.
21:52.9,6:15 AM,7.1,5,20,Light,No,8:15 AM,7,Happy,Remain note relationship interest society none.
21:52.9,7:15 AM,8.7,15,30,Skipped,No,9:15 AM,7,Happy,Sometimes want first.
21:52.9,6:15 AM,5.7,5,50,Carb-rich,No,9:15 AM,4,Sad,Try thus stage executive painting four.
21:52.9,5:45 AM,7.1,25,50,Carb-rich,Yes,8:45 AM,7,Happy,Effect image cause discover commercial question.
21:52.9,4:30 AM,8.2,15,10,Carb-rich,No,6:30 AM,9,Happy,Institution often inside magazine nation investment.
21:52.9,7:00 AM,7.4,30,60,Light,No,10:00 AM,6,Neutral,Entire them care red.
21:52.9,4:45 AM,5.1,20,0,Light,No,6:45 AM,3,Sad,Guess interesting nice Congress learn either.
21:52.9,7:45 AM,8.4,20,60,Heavy,No,8:45 AM,10,Happy,Affect former ground return shake fast.
21:52.9,8:45 AM,5.3,20,10,Heavy,No,10:45 AM,3,Sad,Stop the top appear create.
21:52.9,8:00 AM,7.4,5,50,Heavy,No,10:00 AM,6,Neutral,Quickly inside character morning technology.
21:52.9,6:15 AM,6.1,10,60,Carb-rich,No,9:15 AM,7,Neutral,Ready fine on capital nature name.
21:52.9,7:00 AM,8.2,0,10,Light,No,9:00 AM,5,Neutral,Modern lot put all bad yard picture.
21:52.9,6:45 AM,6.8,10,0,Light,Yes,8:45 AM,7,Neutral,Young explain middle response.
21:52.9,9:15 AM,8.8,30,40,Protein-rich,No,11:15 AM,8,Happy,Door none company others guy appear practice.
21:52.9,9:00 AM,6.9,15,40,Light,No,10:00 AM,5,Neutral,Street poor friend.
21:52.9,5:00 AM,6,5,50,Protein-rich,No,6:00 AM,3,Sad,Marriage meet particularly turn.
21:52.9,4:00 AM,7.5,25,40,Carb-rich,No,7:00 AM,8,Happy,Himself of main job.
21:52.9,5:00 AM,7.7,5,30,Skipped,Yes,6:00 AM,8,Happy,Leg organization list however true truth.
21:52.9,9:45 AM,7.4,5,50,Skipped,No,12:45 PM,5,Neutral,Third cover weight public prepare once.
21:52.9,9:15 AM,5.3,20,10,Carb-rich,Yes,10:15 AM,2,Sad,Deal manage rich fly almost student.
21:52.9,7:30 AM,7.9,5,10,Skipped,Yes,8:30 AM,8,Happy,Miss goal add way both.
21:52.9,7:15 AM,6.7,5,30,Light,No,10:15 AM,6,Neutral,Summer arrive mouth group picture receive.
21:52.9,7:00 AM,5.4,5,20,Light,No,9:00 AM,1,Sad,Million building couple factor remain enjoy.
21:52.9,7:45 AM,5.6,15,60,Skipped,No,9:45 AM,3,Sad,Student only news dog candidate him.
21:52.9,5:00 AM,6.6,25,60,Heavy,Yes,6:00 AM,5,Neutral,Health successful both so model knowledge less power.
21:52.9,4:45 AM,8.4,15,20,Skipped,No,7:45 AM,6,Neutral,Sing however reason sport.
21:52.9,5:15 AM,6.3,25,60,Carb-rich,Yes,6:15 AM,5,Neutral,Hit season capital support people customer popular alone.
21:52.9,7:00 AM,8,25,60,Protein-rich,No,8:00 AM,7,Happy,Simply security itself leg itself protect.
21:52.9,6:15 AM,5.3,10,60,Protein-rich,Yes,9:15 AM,4,Sad,Bed relate develop real today.
21:52.9,4:45 AM,6.8,30,40,Light,Yes,6:45 AM,4,Sad,Visit just begin institution see response player.
21:52.9,6:15 AM,5.7,30,10,Skipped,Yes,9:15 AM,4,Sad,Forget could stop oil.
21:52.9,9:15 AM,5.8,0,10,Heavy,No,11:15 AM,3,Sad,Job next argue happen court should.
21:52.9,4:45 AM,7.8,0,20,Heavy,Yes,6:45 AM,6,Neutral,Dream nearly if call.
21:52.9,5:15 AM,8.4,15,30,Skipped,No,8:15 AM,8,Happy,Use religious different talk service leg.
21:52.9,8:15 AM,5.3,5,30,Heavy,No,9:15 AM,5,Sad,Sport that business note center at.
21:52.9,6:30 AM,5.2,15,60,Skipped,No,7:30 AM,3,Sad,Three fill grow beautiful though.
21:52.9,8:00 AM,5.5,30,10,Skipped,Yes,11:00 AM,3,Sad,Similar common himself down almost.
21:52.9,6:30 AM,8.1,25,60,Carb-rich,No,9:30 AM,10,Happy,Another last situation meeting.
21:52.9,7:30 AM,8.7,10,10,Protein-rich,Yes,10:30 AM,8,Happy,Shake back seek drug yourself herself fly production.
21:52.9,7:45 AM,8.4,30,10,Heavy,Yes,8:45 AM,9,Happy,Example modern imagine rest yourself machine away.
21:52.9,6:30 AM,6.9,30,0,Light,Yes,9:30 AM,5,Neutral,Onto rise argue who.
21:52.9,5:15 AM,7.6,5,60,Carb-rich,No,7:15 AM,7,Happy,Also war trial personal various.
21:52.9,6:30 AM,8.9,5,10,Protein-rich,No,7:30 AM,8,Happy,Write cup rich home.
21:52.9,9:30 AM,6.1,5,30,Protein-rich,Yes,10:30 AM,5,Neutral,Site music wear person serve clearly.
21:52.9,4:30 AM,7.9,20,30,Protein-rich,Yes,5:30 AM,9,Happy,Arm what article staff speech teach bed.
21:52.9,6:45 AM,8.8,10,30,Heavy,No,7:45 AM,9,Happy,Or number watch child yes camera easy.
21:52.9,8:15 AM,5,10,30,Protein-rich,Yes,10:15 AM,5,Sad,Rise whose fight.
21:52.9,7:15 AM,7.2,5,0,Heavy,Yes,9:15 AM,4,Sad,Series player to message.
21:52.9,9:45 AM,6.9,20,50,Carb-rich,No,10:45 AM,7,Neutral,Man suggest serious something own young environmental.
21:52.9,9:15 AM,5.7,5,30,Carb-rich,Yes,11:15 AM,4,Sad,Truth fill describe represent.
21:52.9,7:00 AM,8.3,25,30,Heavy,Yes,10:00 AM,8,Happy,People find response first simply every.
21:52.9,5:15 AM,7.1,15,60,Protein-rich,No,7:15 AM,6,Neutral,Marriage media music exactly save.
21:52.9,4:30 AM,7.3,25,10,Heavy,Yes,7:30 AM,5,Neutral,Owner stop shoulder usually break network strong.
21:52.9,9:15 AM,5.1,10,0,Skipped,No,11:15 AM,4,Sad,Hand decade study always church research heavy.
21:52.9,5:30 AM,7.3,30,50,Heavy,Yes,7:30 AM,8,Happy,Close now choose above everyone choose ago level.
21:52.9,8:45 AM,8.1,20,20,Light,No,11:45 AM,9,Happy,Pick air drop raise point meet total morning.
21:52.9,9:45 AM,7.3,5,30,Skipped,No,12:45 PM,8,Happy,Writer medical policy degree media worker.
21:52.9,5:15 AM,5.7,30,0,Skipped,Yes,8:15 AM,3,Sad,Live may training party hot opportunity area job.
21:52.9,7:45 AM,8,30,50,Heavy,Yes,10:45 AM,9,Happy,Push example newspaper note.
21:52.9,8:45 AM,5.6,20,40,Heavy,Yes,11:45 AM,3,Sad,Wrong interesting up.
21:52.9,8:15 AM,6.1,20,0,Light,No,9:15 AM,5,Neutral,Health forward question every.
21:52.9,7:00 AM,5.5,0,40,Light,Yes,9:00 AM,2,Sad,Dog theory network direction.
21:52.9,6:30 AM,7.1,15,60,Heavy,Yes,9:30 AM,6,Neutral,More card way onto tough idea.
21:52.9,5:15 AM,7.9,15,60,Carb-rich,No,8:15 AM,8,Happy,About despite question sometimes song probably.
21:52.9,6:15 AM,8,10,0,Light,No,8:15 AM,8,Happy,System million around discover about.
21:52.9,7:45 AM,8.7,5,30,Carb-rich,No,9:45 AM,9,Happy,Base than international argue form help goal.
21:52.9,7:15 AM,5.5,5,60,Light,Yes,8:15 AM,4,Sad,Final area while economy above create oil.
21:52.9,4:45 AM,6.4,30,30,Skipped,No,7:45 AM,6,Neutral,Theory believe decide usually yourself guy too.
21:52.9,8:15 AM,5.8,15,50,Light,Yes,9:15 AM,4,Sad,Improve left free big season low.
21:52.9,5:45 AM,7.4,25,0,Carb-rich,Yes,8:45 AM,7,Happy,Discover smile indeed travel.
21:52.9,7:30 AM,5.6,10,10,Protein-rich,No,9:30 AM,3,Sad,Military meeting recognize per Mr forget age.
21:52.9,5:30 AM,6.7,5,60,Carb-rich,No,8:30 AM,6,Neutral,Ball them standard value.
21:52.9,8:15 AM,5,30,50,Carb-rich,No,10:15 AM,2,Sad,Make price Mr training.
21:52.9,6:00 AM,6.4,0,30,Light,Yes,7:00 AM,6,Neutral,Behavior answer feel special everyone region.
21:52.9,8:45 AM,6.4,5,30,Carb-rich,Yes,9:45 AM,4,Sad,Institution everybody how fish source onto.
21:52.9,7:00 AM,6.9,30,40,Skipped,No,9:00 AM,8,Neutral,Line education election land should part source.
21:52.9,4:00 AM,7.3,25,30,Carb-rich,No,6:00 AM,8,Happy,Bring drop security hotel story off.
21:52.9,7:45 AM,5.6,20,20,Light,No,8:45 AM,2,Sad,Attention establish cold business performance.
21:52.9,7:15 AM,6.1,20,40,Light,No,9:15 AM,3,Sad,Moment degree debate set meet audience owner.
21:52.9,7:00 AM,6.9,25,60,Light,Yes,9:00 AM,7,Neutral,Hand of try remember just wife floor.
21:52.9,6:00 AM,8.6,10,10,Light,Yes,7:00 AM,9,Happy,They upon cultural trip star Congress.
21:52.9,8:00 AM,6.6,0,10,Carb-rich,No,9:00 AM,3,Sad,Difficult new anyone require above itself month do.
21:52.9,8:15 AM,6.5,0,30,Heavy,No,10:15 AM,3,Sad,Life stuff along Mrs important idea.
21:52.9,7:45 AM,6.3,10,60,Skipped,Yes,10:45 AM,7,Neutral,Last none us century pretty.
21:52.9,5:30 AM,5.4,20,10,Carb-rich,No,6:30 AM,2,Sad,Action finish color ever.
21:52.9,9:00 AM,7.8,10,10,Carb-rich,Yes,11:00 AM,8,Happy,Any president to past.
21:52.9,6:45 AM,8.3,25,10,Skipped,Yes,8:45 AM,8,Happy,Support opportunity herself evidence board bed.
21:52.9,5:00 AM,7,5,30,Protein-rich,Yes,8:00 AM,7,Happy,Development doctor institution.
21:52.9,9:00 AM,5.7,20,40,Carb-rich,Yes,11:00 AM,5,Sad,Minute place cause purpose.
21:52.9,9:00 AM,5.4,15,10,Carb-rich,No,11:00 AM,2,Sad,Television officer view scene main dream memory.
21:52.9,7:30 AM,5.3,15,60,Protein-rich,Yes,10:30 AM,5,Sad,Get table idea relate doctor name so.
21:52.9,7:15 AM,8.4,0,30,Carb-rich,No,8:15 AM,9,Happy,Good travel red leader force.
21:52.9,6:45 AM,7.5,20,0,Carb-rich,Yes,7:45 AM,7,Happy,Tax attorney sit reflect responsibility window send feel.
21:52.9,9:30 AM,8.1,25,60,Light,No,11:30 AM,9,Happy,Structure table forget continue.
21:52.9,4:45 AM,6.7,25,30,Carb-rich,Yes,7:45 AM,7,Neutral,Picture two exist economic.
21:52.9,6:15 AM,6,20,40,Skipped,Yes,7:15 AM,3,Sad,Nice go job.
21:52.9,5:45 AM,5.4,10,20,Carb-rich,Yes,7:45 AM,2,Sad,Might approach several lawyer myself avoid.
21:52.9,4:15 AM,8.5,10,60,Carb-rich,No,5:15 AM,9,Happy,Participant serious quite role into.
21:52.9,7:30 AM,8.1,5,10,Carb-rich,Yes,8:30 AM,6,Neutral,Kitchen realize main too there.
21:52.9,4:30 AM,8.6,20,0,Heavy,Yes,5:30 AM,7,Happy,Set book include yeah step doctor.
21:52.9,7:15 AM,7.5,0,0,Heavy,Yes,8:15 AM,7,Happy,Great choose nothing apply firm why strategy spring.
21:52.9,4:00 AM,7.8,0,60,Protein-rich,Yes,5:00 AM,8,Happy,Religious during camera.
21:52.9,6:30 AM,7.8,0,50,Light,Yes,8:30 AM,6,Neutral,White sport describe girl imagine green quite.
21:52.9,9:45 AM,7.2,30,60,Carb-rich,No,11:45 AM,5,Neutral,Song son commercial read building technology one worry.
21:52.9,6:00 AM,8.5,5,50,Protein-rich,No,7:00 AM,10,Happy,Help wind among push at support majority.
21:52.9,4:45 AM,5.7,10,20,Skipped,No,5:45 AM,5,Sad,Reality agreement understand body college firm body general.
21:52.9,5:15 AM,5.3,5,30,Heavy,No,8:15 AM,3,Sad,Control look choice on team opportunity.
21:52.9,9:30 AM,6.7,15,60,Protein-rich,No,11:30 AM,6,Neutral,Trip support who professor.
21:52.9,8:15 AM,5.5,25,20,Heavy,Yes,9:15 AM,5,Sad,Forget those matter election.
21:52.9,9:15 AM,5.2,10,60,Carb-rich,No,10:15 AM,6,Sad,Ask husband or likely close national charge.
21:52.9,9:45 AM,8.3,25,60,Carb-rich,No,11:45 AM,7,Happy,Use marriage process among.
21:52.9,8:45 AM,5.4,0,30,Skipped,Yes,9:45 AM,2,Sad,War process my cut seek dark bad.
21:52.9,8:45 AM,7.1,20,0,Light,No,9:45 AM,5,Neutral,Company yourself center rule bill example.
21:52.9,5:45 AM,7.9,25,60,Light,No,7:45 AM,7,Happy,Into herself keep similar glass contain interview.
21:52.9,5:30 AM,7.2,30,60,Carb-rich,No,7:30 AM,5,Neutral,In risk hear better recognize.
21:52.9,9:15 AM,6.7,30,30,Heavy,Yes,10:15 AM,8,Neutral,Meeting six wide which trip together quite.
21:52.9,9:15 AM,5.5,10,0,Skipped,No,11:15 AM,4,Sad,Say along sound course animal benefit.
21:52.9,9:30 AM,8.3,5,0,Skipped,Yes,10:30 AM,9,Happy,Top company marriage bill.
21:52.9,7:45 AM,5.1,30,10,Light,No,10:45 AM,4,Sad,Science stock way.
21:52.9,7:30 AM,6.8,0,50,Carb-rich,Yes,9:30 AM,4,Sad,Part fine figure surface.
21:52.9,8:15 AM,9,25,60,Carb-rich,No,9:15 AM,10,Happy,Its off whose us light.
21:52.9,5:30 AM,6.1,10,30,Carb-rich,Yes,8:30 AM,5,Neutral,Pattern TV imagine difference worker budget common.
21:52.9,5:00 AM,7.3,25,50,Light,No,8:00 AM,8,Happy,High down field market.
21:52.9,7:00 AM,8.9,15,20,Carb-rich,No,10:00 AM,8,Happy,Major foreign thank edge behavior door.
21:52.9,9:45 AM,6.4,0,40,Heavy,Yes,10:45 AM,5,Neutral,Science much across from condition remain certain.
21:52.9,8:00 AM,7.6,25,60,Carb-rich,No,10:00 AM,7,Happy,Onto beautiful question.
21:52.9,5:15 AM,5.9,5,20,Protein-rich,No,8:15 AM,3,Sad,Available task ask meet admit five party there.
21:52.9,4:00 AM,7.1,10,60,Skipped,No,5:00 AM,6,Neutral,Rule marriage quickly card when.
21:52.9,7:15 AM,6.9,25,0,Protein-rich,Yes,10:15 AM,5,Neutral,Rather political second true go.
21:52.9,5:45 AM,8.1,0,40,Light,Yes,8:45 AM,5,Neutral,Officer smile approach tonight street nothing among simply.
21:52.9,9:00 AM,5.2,5,10,Protein-rich,Yes,12:00 PM,2,Sad,Keep by recognize certain time beautiful even become.
21:52.9,4:15 AM,8.7,30,60,Protein-rich,No,7:15 AM,7,Happy,Floor simply own would.
21:52.9,5:45 AM,5,5,30,Carb-rich,Yes,8:45 AM,4,Sad,Day cell mean good west voice statement.
21:52.9,8:00 AM,8.4,5,0,Light,No,10:00 AM,8,Happy,Let would knowledge serve.
21:52.9,4:45 AM,6.1,25,0,Heavy,Yes,7:45 AM,6,Neutral,Sure song new four heart top.
21:52.9,6:30 AM,7.8,20,0,Protein-rich,Yes,7:30 AM,5,Neutral,Office several issue media beautiful go down.
21:52.9,4:30 AM,6.1,10,10,Carb-rich,Yes,7:30 AM,2,Sad,Stuff require look tree.
21:52.9,8:45 AM,5.9,25,30,Carb-rich,No,9:45 AM,7,Sad,Admit young will mention real Republican.
21:52.9,5:45 AM,7.5,0,20,Skipped,Yes,7:45 AM,5,Neutral,Back success close certainly wonder natural.
21:52.9,5:30 AM,8.7,10,10,Protein-rich,No,6:30 AM,7,Happy,Pull if group administration.
21:52.9,5:45 AM,8.2,25,10,Light,Yes,6:45 AM,7,Happy,Physical whose image firm drug else Congress.
21:52.9,5:45 AM,6.3,0,40,Carb-rich,No,6:45 AM,5,Neutral,Among score fire put until myself our born.
21:52.9,7:30 AM,8.5,10,20,Protein-rich,Yes,10:30 AM,8,Happy,We fine end morning.
21:52.9,5:15 AM,6.1,30,30,Protein-rich,Yes,7:15 AM,4,Sad,Hear matter change environmental American.
21:52.9,9:30 AM,7.9,25,0,Carb-rich,No,11:30 AM,5,Neutral,About agree science sea somebody prepare seven room.
21:52.9,4:30 AM,8.5,30,20,Heavy,No,7:30 AM,7,Happy,Might standard ok agency cover production.
21:52.9,6:30 AM,6.4,10,50,Heavy,No,7:30 AM,5,Neutral,Over down hospital whose bring walk matter.
21:52.9,5:45 AM,8.6,30,0,Light,Yes,8:45 AM,10,Happy,Rule myself accept you.
21:52.9,9:00 AM,7.6,5,0,Skipped,Yes,10:00 AM,7,Happy,Would common past commercial.
21:52.9,9:00 AM,6.6,0,40,Skipped,Yes,12:00 PM,4,Sad,On from professor guess.
21:52.9,5:30 AM,6.5,20,60,Carb-rich,No,7:30 AM,6,Neutral,Professional either very chance minute some us.
21:52.9,8:00 AM,8.4,25,20,Heavy,Yes,10:00 AM,6,Neutral,So sign may.
21:52.9,6:45 AM,8.5,10,60,Protein-rich,No,8:45 AM,8,Happy,Factor subject Republican look air his appear.
21:52.9,4:30 AM,6.9,0,30,Carb-rich,Yes,6:30 AM,5,Neutral,Hot above audience seven traditional field ball.
21:52.9,5:15 AM,5.6,15,20,Light,Yes,7:15 AM,3,Sad,Travel spend system chair career article.
21:52.9,9:00 AM,7.9,5,40,Carb-rich,No,12:00 PM,10,Happy,Response look evening certainly.
21:52.9,6:30 AM,6.5,5,50,Carb-rich,Yes,9:30 AM,5,Neutral,Student class action pretty nothing tell identify east.
21:52.9,6:45 AM,7.5,25,20,Protein-rich,No,7:45 AM,5,Neutral,Statement either picture lose agent.
21:52.9,7:30 AM,5.4,0,0,Light,Yes,9:30 AM,1,Sad,Total process benefit allow stay call these.
21:52.9,9:30 AM,5.5,0,20,Carb-rich,Yes,10:30 AM,1,Sad,They political red firm game.
21:52.9,4:00 AM,5.2,30,20,Light,Yes,6:00 AM,1,Sad,History expect brother.
21:52.9,5:45 AM,6.9,25,0,Carb-rich,No,6:45 AM,6,Neutral,Sea discussion newspaper pay car.
21:52.9,4:30 AM,5,10,20,Protein-rich,Yes,7:30 AM,3,Sad,Listen hold reflect hour.
21:52.9,8:00 AM,7.3,25,60,Protein-rich,No,11:00 AM,8,Happy,Site money the sure which budget.
21:52.9,4:15 AM,6.1,30,40,Heavy,No,7:15 AM,4,Sad,Beat similar while to.
21:52.9,4:30 AM,6.7,10,0,Heavy,Yes,6:30 AM,6,Neutral,During space involve business.
21:52.9,6:30 AM,5.7,5,40,Protein-rich,Yes,7:30 AM,5,Sad,Season government bag so sport.
21:52.9,7:45 AM,6.1,5,60,Carb-rich,Yes,9:45 AM,5,Neutral,Decision provide hand ten form general recognize.
21:52.9,7:30 AM,5.1,10,20,Heavy,Yes,10:30 AM,1,Sad,Similar drive either upon against dinner.
21:52.9,8:45 AM,6.2,10,60,Skipped,No,10:45 AM,4,Sad,Protect material institution edge brother tonight end policy.
21:52.9,8:45 AM,5.2,15,0,Protein-rich,No,11:45 AM,2,Sad,Time or particular seven collection.
21:52.9,8:30 AM,5.9,5,0,Protein-rich,No,9:30 AM,3,Sad,Continue live put.
21:52.9,7:30 AM,6,20,50,Light,Yes,9:30 AM,6,Neutral,Value country man involve forget news follow.
21:52.9,4:00 AM,8.9,0,40,Protein-rich,No,7:00 AM,10,Happy,Answer little sister.
21:52.9,6:30 AM,7.7,30,20,Heavy,Yes,8:30 AM,7,Happy,Travel general account health.
21:52.9,5:00 AM,8.1,15,60,Carb-rich,Yes,7:00 AM,9,Happy,Realize reveal west.
21:52.9,9:15 AM,6.3,0,20,Carb-rich,No,11:15 AM,2,Sad,Land alone trial western everything peace animal.
21:52.9,4:45 AM,6.2,0,0,Skipped,No,5:45 AM,3,Sad,Of under simply part operation grow.
21:52.9,8:45 AM,6.8,0,10,Protein-rich,Yes,10:45 AM,6,Neutral,Score ball suddenly position laugh treat figure.
21:52.9,9:00 AM,6.9,30,20,Heavy,No,11:00 AM,4,Sad,Control moment power.
21:52.9,6:45 AM,5.9,20,50,Carb-rich,Yes,7:45 AM,4,Sad,Father fast onto edge.
21:52.9,9:00 AM,8.3,20,30,Skipped,No,12:00 PM,7,Happy,Area feeling level music.
21:52.9,6:15 AM,5,5,40,Skipped,No,7:15 AM,5,Sad,Whatever do voice first.
21:52.9,4:00 AM,8.2,10,10,Light,Yes,7:00 AM,6,Neutral,Long on strategy I.
21:52.9,6:15 AM,8.8,30,30,Protein-rich,Yes,9:15 AM,9,Happy,Themselves person although return.
21:52.9,5:45 AM,7.6,15,20,Heavy,No,6:45 AM,7,Happy,Similar go hour bit prevent question easy.
21:52.9,7:15 AM,7.1,25,40,Protein-rich,No,10:15 AM,6,Neutral,Us dinner significant effect.
21:52.9,4:00 AM,7.5,10,50,Skipped,Yes,6:00 AM,5,Neutral,Generation machine office discussion.
21:52.9,7:00 AM,7,0,0,Heavy,Yes,9:00 AM,4,Sad,Stage state economy could himself our Mrs.
21:52.9,9:00 AM,6.6,20,10,Skipped,Yes,10:00 AM,5,Neutral,Machine continue show far foreign one after.
21:52.9,7:15 AM,5.2,10,20,Light,Yes,10:15 AM,4,Sad,Notice allow same actually consumer war lawyer.
21:52.9,5:15 AM,7.4,0,10,Carb-rich,Yes,6:15 AM,4,Sad,Close heavy society station view street.
21:52.9,5:00 AM,8.7,25,0,Light,No,8:00 AM,7,Happy,Recent read face treat.
21:52.9,5:15 AM,7.1,25,40,Carb-rich,No,8:15 AM,8,Happy,Body consumer since concern spring.
21:52.9,6:00 AM,8.3,15,30,Heavy,No,7:00 AM,10,Happy,Understand consumer us reach.
21:52.9,8:45 AM,7.1,15,40,Skipped,Yes,10:45 AM,7,Happy,Paper early piece somebody.
21:52.9,7:00 AM,5.5,5,60,Carb-rich,No,9:00 AM,3,Sad,Sing resource billion fire hand.
21:52.9,5:30 AM,6.4,30,10,Heavy,No,6:30 AM,5,Neutral,Figure meeting answer her himself yet.
21:52.9,7:00 AM,5.8,30,50,Protein-rich,Yes,9:00 AM,4,Sad,Create raise much dog however.
21:52.9,4:00 AM,6.8,5,10,Carb-rich,No,6:00 AM,4,Sad,Every interest right page east mouth.
21:52.9,7:15 AM,5.7,15,10,Heavy,No,10:15 AM,2,Sad,Direction beautiful interview will.
21:52.9,4:15 AM,6.1,15,50,Heavy,Yes,5:15 AM,7,Neutral,Leader little reason doctor describe run him.
21:52.9,4:30 AM,5.9,10,10,Skipped,Yes,6:30 AM,4,Sad,For measure team thing audience.
21:52.9,8:15 AM,7.1,5,30,Heavy,No,10:15 AM,8,Happy,Good tough course.
21:52.9,4:30 AM,7.9,10,60,Heavy,No,7:30 AM,8,Happy,Wind create top site rule relationship.
21:52.9,8:45 AM,7,10,60,Protein-rich,No,9:45 AM,8,Happy,Early sound evidence most bad between even.
21:52.9,6:30 AM,7.2,30,0,Protein-rich,No,8:30 AM,5,Neutral,Physical main available tend.
21:52.9,6:30 AM,8,25,40,Carb-rich,No,9:30 AM,7,Happy,Billion cut to either wear cultural.
21:52.9,9:45 AM,6.4,5,50,Carb-rich,Yes,11:45 AM,5,Neutral,Seat raise pattern appear green idea.
21:52.9,6:15 AM,7.6,20,50,Skipped,Yes,7:15 AM,7,Happy,Physical none need trade other all even.
21:52.9,7:30 AM,5.1,30,10,Carb-rich,Yes,9:30 AM,4,Sad,Our put trip.
21:52.9,7:45 AM,5.2,20,60,Protein-rich,No,10:45 AM,5,Sad,Point generation artist clear change benefit.
21:52.9,8:45 AM,8.6,20,20,Heavy,Yes,10:45 AM,9,Happy,Bar term else important important.
21:52.9,5:00 AM,6.3,10,30,Carb-rich,No,7:00 AM,5,Neutral,Leg sister food success value cost man.
21:52.9,7:00 AM,5.6,5,20,Heavy,No,9:00 AM,3,Sad,Capital commercial half beat whether two with.
21:52.9,9:00 AM,8.9,0,20,Skipped,No,12:00 PM,5,Neutral,System out pass remember cultural account value television.
21:52.9,7:30 AM,7.4,15,60,Light,No,9:30 AM,8,Happy,Price black seven yet.
21:52.9,7:15 AM,7,25,10,Heavy,No,9:15 AM,5,Neutral,Positive deep describe hotel.
21:52.9,8:30 AM,8.3,10,40,Skipped,Yes,10:30 AM,9,Happy,Director line opportunity.
21:52.9,6:45 AM,8.5,10,10,Protein-rich,No,9:45 AM,7,Happy,Security worry either rate building if third.
21:52.9,9:30 AM,8.2,0,10,Skipped,Yes,11:30 AM,6,Neutral,Possible second painting change remember knowledge away.
21:52.9,9:45 AM,8.6,25,20,Light,Yes,10:45 AM,6,Neutral,His relationship produce significant.
21:52.9,5:15 AM,7.3,5,10,Skipped,No,6:15 AM,4,Sad,Story scientist create bar computer sing billion.
21:52.9,9:30 AM,5.4,5,20,Protein-rich,Yes,12:30 PM,3,Sad,Street computer instead some threat several into.
21:52.9,5:00 AM,7.2,5,60,Protein-rich,No,7:00 AM,6,Neutral,Keep bar time official.
21:52.9,7:15 AM,6.4,0,10,Protein-rich,No,10:15 AM,6,Neutral,Form hand behind stay.
21:52.9,6:15 AM,7,10,0,Heavy,Yes,8:15 AM,4,Sad,Quickly main window nothing accept clearly.
21:52.9,4:45 AM,8.3,0,20,Light,No,5:45 AM,8,Happy,Husband mother goal their view.
21:52.9,5:15 AM,8.3,20,0,Protein-rich,No,8:15 AM,8,Happy,Why beautiful music never interest environmental.
21:52.9,4:30 AM,8.8,30,40,Skipped,No,6:30 AM,7,Happy,Future turn collection fish rate religious art.
21:52.9,4:15 AM,6.8,15,10,Light,No,5:15 AM,6,Neutral,Fact production wonder song top also attack radio.
21:52.9,6:45 AM,7.8,10,60,Protein-rich,No,7:45 AM,6,Neutral,Fish evidence add bar seat.
21:52.9,7:30 AM,5.9,25,60,Skipped,No,9:30 AM,3,Sad,Best house life lay teach physical.
21:52.9,9:45 AM,8.5,0,20,Carb-rich,No,11:45 AM,6,Neutral,Yourself culture race enter common health bank.
21:52.9,5:15 AM,5.3,30,50,Heavy,Yes,6:15 AM,4,Sad,Person article idea go treatment.
21:52.9,6:00 AM,5.9,30,40,Heavy,Yes,9:00 AM,4,Sad,Total today identify method its community.
21:52.9,5:15 AM,7,20,0,Light,Yes,8:15 AM,7,Happy,With attack statement practice into several.
21:52.9,4:15 AM,7.8,25,40,Heavy,Yes,7:15 AM,7,Happy,Current carry wonder really Mrs or.
21:52.9,5:00 AM,6.7,25,60,Protein-rich,No,7:00 AM,7,Neutral,Represent meeting available none coach small get.
21:52.9,9:00 AM,8.5,5,30,Carb-rich,No,10:00 AM,7,Happy,Up much door act suggest name maintain.
21:52.9,5:30 AM,8.3,10,60,Skipped,No,6:30 AM,9,Happy,If personal open season east.
21:52.9,9:00 AM,6.6,15,10,Protein-rich,Yes,12:00 PM,4,Sad,Just benefit talk position.
21:52.9,6:15 AM,8.6,0,60,Heavy,No,8:15 AM,8,Happy,Reason enough box possible allow.
21:52.9,6:30 AM,7.3,5,0,Protein-rich,Yes,8:30 AM,8,Happy,Pass reveal form six sound service despite determine.
21:52.9,6:45 AM,5.6,5,50,Protein-rich,No,9:45 AM,4,Sad,Because behind drug chair like those agent.
21:52.9,8:45 AM,5.7,10,0,Carb-rich,Yes,9:45 AM,3,Sad,Cultural ability exactly end only.
21:52.9,7:30 AM,8.8,5,30,Protein-rich,Yes,8:30 AM,10,Happy,American expect assume left check.
21:52.9,6:15 AM,7.3,20,20,Light,No,8:15 AM,4,Sad,Truth position along.
21:52.9,7:00 AM,7.5,20,50,Carb-rich,Yes,10:00 AM,7,Happy,Kid although they.
21:52.9,8:15 AM,7.3,15,20,Light,No,11:15 AM,6,Neutral,Reach level determine couple reduce baby.
21:52.9,9:30 AM,6.8,15,60,Skipped,No,12:30 PM,8,Neutral,Summer kid less day recent control.
21:52.9,6:45 AM,5.6,5,10,Light,Yes,9:45 AM,5,Sad,Forward view herself which.
21:52.9,7:00 AM,5.5,15,20,Light,Yes,10:00 AM,4,Sad,Range seek medical customer partner some.
21:52.9,8:45 AM,5.8,0,30,Light,No,9:45 AM,2,Sad,Just try hear pretty we board.
21:52.9,5:00 AM,7.4,15,40,Carb-rich,No,7:00 AM,8,Happy,Hand well young wide.
21:52.9,6:15 AM,8.4,25,30,Carb-rich,Yes,8:15 AM,8,Happy,Concern car office speech thus continue.
21:52.9,9:30 AM,6.5,10,30,Protein-rich,No,11:30 AM,6,Neutral,Nor investment about admit machine later region.
21:52.9,8:00 AM,7.8,10,30,Protein-rich,No,9:00 AM,10,Happy,Stop should blood range most.
21:52.9,9:15 AM,5.7,25,0,Protein-rich,Yes,10:15 AM,5,Sad,Account stuff throughout ground.
21:52.9,9:45 AM,5.7,20,60,Protein-rich,Yes,11:45 AM,4,Sad,Level recent citizen.
21:52.9,7:30 AM,8,20,40,Skipped,No,9:30 AM,8,Happy,Tend show much great word.
21:52.9,7:00 AM,5.8,15,20,Skipped,Yes,10:00 AM,3,Sad,Test authority together job.
21:52.9,9:45 AM,5.9,20,0,Heavy,Yes,11:45 AM,4,Sad,Course nature break environmental instead strategy.
21:52.9,5:15 AM,5.5,20,40,Protein-rich,No,8:15 AM,3,Sad,Against piece bad us remain left serve.
21:52.9,4:15 AM,8.3,0,10,Heavy,Yes,7:15 AM,5,Neutral,Product answer organization successful.
21:52.9,9:15 AM,5.4,10,60,Skipped,No,12:15 PM,5,Sad,Recently another high instead under various.
21:52.9,5:30 AM,7.6,25,10,Heavy,No,7:30 AM,8,Happy,Operation something scene explain sit.
21:52.9,9:00 AM,8.4,5,30,Heavy,No,11:00 AM,7,Happy,Today listen owner few article.
21:52.9,7:30 AM,7.1,15,40,Carb-rich,Yes,8:30 AM,8,Happy,Evening exactly she your network will.
21:52.9,6:00 AM,6,15,0,Skipped,No,7:00 AM,3,Sad,Whose bar lay song century up.
21:52.9,8:30 AM,5.4,15,50,Carb-rich,Yes,11:30 AM,3,Sad,Throw huge involve truth ago anyone.
21:52.9,7:30 AM,6.6,15,50,Light,Yes,10:30 AM,5,Neutral,Soon run recent need news.
21:52.9,9:15 AM,5.6,10,60,Light,Yes,11:15 AM,6,Sad,Social image range section.
21:52.9,7:15 AM,7.7,5,30,Protein-rich,Yes,10:15 AM,8,Happy,Trip place nice save box single.
21:52.9,4:15 AM,7,20,40,Carb-rich,No,6:15 AM,7,Happy,Rather purpose soon too.
21:52.9,6:30 AM,6.8,30,20,Protein-rich,Yes,9:30 AM,6,Neutral,Less those red people.
21:52.9,4:15 AM,6.9,25,50,Heavy,No,7:15 AM,6,Neutral,Read west safe plan cause.
21:52.9,5:30 AM,6.4,10,60,Protein-rich,Yes,6:30 AM,6,Neutral,Toward wonder security option bed both.
21:52.9,8:45 AM,7.6,5,30,Light,No,9:45 AM,6,Neutral,Within church value between western make truth.
21:52.9,8:00 AM,8.4,0,60,Carb-rich,Yes,9:00 AM,7,Happy,I first special position.
21:52.9,6:30 AM,7.5,5,50,Heavy,No,8:30 AM,5,Neutral,Goal travel within.
21:52.9,6:00 AM,8.1,5,40,Protein-rich,Yes,7:00 AM,8,Happy,Citizen chance social court citizen.
21:52.9,4:45 AM,5.3,30,0,Heavy,No,6:45 AM,3,Sad,Government view official various education huge ever.
21:52.9,7:00 AM,8.7,30,50,Carb-rich,No,8:00 AM,9,Happy,Relationship wish catch service question.
21:52.9,7:15 AM,5.5,10,20,Light,No,9:15 AM,5,Sad,Likely draw article task.
21:52.9,4:30 AM,7.1,30,40,Protein-rich,No,5:30 AM,5,Neutral,Run letter whom six current.
21:52.9,6:00 AM,5.6,10,40,Protein-rich,Yes,7:00 AM,4,Sad,By here force strong remember community.
21:52.9,6:30 AM,6.3,30,60,Heavy,No,7:30 AM,7,Neutral,Analysis design trade.
21:52.9,8:45 AM,8.5,5,0,Skipped,Yes,9:45 AM,7,Happy,Sure offer view side however.
21:52.9,6:30 AM,5.3,25,60,Carb-rich,No,8:30 AM,2,Sad,Box newspaper hair agent full none care.
21:52.9,6:30 AM,7.3,5,10,Carb-rich,Yes,7:30 AM,7,Happy,She race ahead final.
21:52.9,6:00 AM,8.2,10,50,Heavy,Yes,8:00 AM,10,Happy,Also provide rather in pick term.
21:52.9,5:30 AM,7.8,0,10,Heavy,No,7:30 AM,6,Neutral,Individual camera black take doctor many.
21:52.9,4:00 AM,6.2,20,50,Carb-rich,No,6:00 AM,6,Neutral,Give evidence level ten itself cover factor.
21:52.9,8:30 AM,5.1,30,30,Skipped,No,10:30 AM,3,Sad,Anything either believe nature would.
21:52.9,9:15 AM,8.1,5,40,Carb-rich,Yes,10:15 AM,10,Happy,Hair drug hard various value.
21:52.9,6:00 AM,5.7,30,20,Light,No,9:00 AM,4,Sad,Phone manager change field compare.
21:52.9,6:45 AM,8.8,15,0,Carb-rich,Yes,7:45 AM,7,Happy,Page so first music.
21:52.9,9:45 AM,8.4,15,10,Skipped,Yes,10:45 AM,9,Happy,Whose same power throughout during forward.
21:52.9,4:45 AM,7.9,20,0,Light,Yes,7:45 AM,6,Neutral,Baby career leader front check describe.
21:52.9,6:30 AM,6.4,25,60,Light,Yes,8:30 AM,4,Sad,Expert effort age option mother star.
21:52.9,6:45 AM,5.6,15,20,Skipped,Yes,8:45 AM,3,Sad,Buy decade two avoid.
21:52.9,7:45 AM,5.3,0,10,Heavy,Yes,9:45 AM,1,Sad,Analysis us everybody peace plan page.
21:52.9,4:30 AM,6,15,10,Protein-rich,Yes,7:30 AM,5,Neutral,Better special clear rich character.
21:52.9,8:30 AM,8.2,5,40,Protein-rich,No,10:30 AM,7,Happy,Admit win explain government relate choose never.
21:52.9,4:00 AM,6.1,15,0,Skipped,No,6:00 AM,2,Sad,Under push region husband.
21:52.9,9:15 AM,7.5,15,40,Heavy,No,12:15 PM,6,Neutral,More animal our cell this your.
21:52.9,4:45 AM,7.6,5,60,Heavy,No,7:45 AM,8,Happy,If public outside customer base out bring would.
21:52.9,5:45 AM,6.9,5,30,Skipped,No,7:45 AM,5,Neutral,Skin significant certainly simply.
21:52.9,9:30 AM,7.6,15,10,Heavy,Yes,12:30 PM,6,Neutral,Enjoy specific result war others another their.
21:52.9,8:00 AM,7.2,10,10,Protein-rich,No,10:00 AM,7,Happy,He development information hold or bring know.
21:52.9,5:45 AM,8,30,0,Light,Yes,6:45 AM,6,Neutral,Never his thought direction Congress.
21:52.9,4:30 AM,5.8,25,60,Protein-rich,No,5:30 AM,4,Sad,No rest garden rest.
21:52.9,7:30 AM,5.8,30,0,Skipped,Yes,8:30 AM,3,Sad,Nor usually heart study.
21:52.9,6:15 AM,6.1,0,0,Protein-rich,Yes,7:15 AM,5,Neutral,Some floor physical speech.
21:52.9,8:45 AM,8,5,0,Light,No,11:45 AM,7,Happy,Million film inside law good.
21:52.9,8:45 AM,8.2,5,60,Light,No,9:45 AM,7,Happy,Role rock word can state he until picture.
21:52.9,9:15 AM,7.1,30,0,Heavy,Yes,11:15 AM,5,Neutral,Generation happy sell be answer.
21:52.9,4:45 AM,5.6,30,40,Skipped,Yes,6:45 AM,6,Sad,Lot computer instead true plant world.
21:52.9,6:15 AM,5.5,25,0,Skipped,Yes,7:15 AM,4,Sad,Stock many hundred.
21:52.9,4:00 AM,6.9,20,30,Protein-rich,Yes,6:00 AM,5,Neutral,Apply then identify every.
21:52.9,4:15 AM,5.8,25,10,Light,No,5:15 AM,3,Sad,See provide simple plan want road.
21:52.9,6:15 AM,5.3,0,40,Skipped,Yes,8:15 AM,1,Sad,Act performance word popular.
21:52.9,5:15 AM,7.4,10,10,Light,Yes,7:15 AM,6,Neutral,Only visit total chance.
21:52.9,6:30 AM,7.6,30,0,Skipped,Yes,7:30 AM,6,Neutral,Huge themselves street hotel.
21:52.9,7:30 AM,6.9,10,60,Skipped,Yes,10:30 AM,7,Neutral,Wide down hear real white.
21:52.9,9:45 AM,5.9,20,30,Carb-rich,No,11:45 AM,3,Sad,Significant fill similar city.
21:52.9,8:00 AM,7.5,0,10,Light,Yes,9:00 AM,6,Neutral,Herself tell to writer.
21:52.9,7:45 AM,8.3,5,50,Light,No,10:45 AM,9,Happy,Listen store sense name.
21:52.9,8:15 AM,7,0,20,Heavy,No,9:15 AM,5,Neutral,Determine day minute any history including.
21:52.9,9:30 AM,7.8,30,0,Skipped,Yes,10:30 AM,8,Happy,Nice arm interest peace trip cause down.
21:52.9,5:30 AM,5.7,25,20,Skipped,Yes,6:30 AM,3,Sad,Position size speech marriage she.
21:52.9,7:30 AM,6.4,20,0,Light,Yes,8:30 AM,4,Sad,Piece should return help voice.
21:52.9,5:30 AM,8.9,5,0,Heavy,No,7:30 AM,9,Happy,Thought standard shake health population.
21:52.9,5:30 AM,9,5,40,Carb-rich,No,7:30 AM,10,Happy,Rich court believe area often religious section unit.
21:52.9,7:15 AM,5,25,40,Skipped,No,8:15 AM,4,Sad,Fear guess opportunity central administration executive.
21:52.9,4:30 AM,8.6,20,50,Protein-rich,No,6:30 AM,10,Happy,Pull door thousand hotel authority.
21:52.9,5:00 AM,8.4,15,60,Protein-rich,No,6:00 AM,7,Happy,Spend individual national card.
21:52.9,5:00 AM,7.6,15,60,Carb-rich,No,7:00 AM,6,Neutral,Perhaps ready avoid several see few thing.
21:52.9,4:30 AM,7.4,5,50,Heavy,No,5:30 AM,8,Happy,White represent own model reveal.
21:52.9,9:00 AM,5.4,15,40,Heavy,No,11:00 AM,6,Sad,Source chance important include event wife car.
21:52.9,4:45 AM,5.5,30,50,Light,No,7:45 AM,4,Sad,Former important identify before structure.
21:52.9,8:30 AM,8.5,5,50,Light,Yes,11:30 AM,7,Happy,Five yourself growth allow.
21:52.9,7:00 AM,6,10,60,Protein-rich,No,10:00 AM,7,Neutral,Against sing home.
21:52.9,4:45 AM,8.7,20,50,Carb-rich,No,5:45 AM,9,Happy,See bill mother foreign home yard.
21:52.9,4:45 AM,8.5,5,30,Light,Yes,6:45 AM,8,Happy,Develop box together set phone deal feeling.
21:52.9,6:30 AM,7.8,5,30,Protein-rich,Yes,9:30 AM,9,Happy,Market financial increase star.
21:52.9,5:45 AM,7.4,25,60,Light,No,6:45 AM,6,Neutral,Result buy state yet music.
21:52.9,6:15 AM,8,30,60,Light,Yes,9:15 AM,8,Happy,Write day animal maybe.
21:52.9,8:45 AM,8.4,30,0,Heavy,No,11:45 AM,9,Happy,Hard year draw whom.
21:52.9,4:30 AM,7.4,10,50,Skipped,Yes,7:30 AM,7,Happy,State at rather feeling color TV raise.
21:52.9,7:45 AM,7.9,30,60,Heavy,No,10:45 AM,9,Happy,Pattern everyone rule central.
21:52.9,8:00 AM,6.5,25,10,Heavy,No,10:00 AM,7,Neutral,Pass generation animal pretty suggest pull.
21:52.9,4:45 AM,8.4,20,60,Protein-rich,No,6:45 AM,8,Happy,Specific director hand magazine think improve late they.
21:52.9,7:45 AM,6.4,25,0,Protein-rich,Yes,9:45 AM,6,Neutral,Live base watch happen attention.
21:52.9,8:30 AM,6.5,0,60,Skipped,Yes,9:30 AM,4,Sad,Question American put agreement.
21:52.9,4:30 AM,6.4,15,50,Carb-rich,No,5:30 AM,4,Sad,Though behind land speech start.
21:52.9,8:15 AM,7.7,5,40,Carb-rich,No,9:15 AM,7,Happy,Forward west above great box rate.
21:52.9,6:00 AM,6.5,5,0,Light,Yes,7:00 AM,3,Sad,Mission notice peace notice power.
21:52.9,5:15 AM,7.7,10,10,Heavy,No,6:15 AM,5,Neutral,Million improve billion general vote.
21:52.9,8:45 AM,5.1,25,60,Skipped,Yes,9:45 AM,2,Sad,Recently computer without old local his kid politics.
21:52.9,8:30 AM,6.2,10,40,Carb-rich,Yes,10:30 AM,7,Neutral,Table everybody challenge green ability for two bed.
21:52.9,9:45 AM,8.8,30,50,Skipped,No,11:45 AM,8,Happy,Radio cause your book include camera.
21:52.9,9:30 AM,7.1,10,10,Carb-rich,No,11:30 AM,5,Neutral,Administration ahead include thing manager.
21:52.9,4:45 AM,7.6,15,0,Protein-rich,Yes,6:45 AM,5,Neutral,Everyone full set likely evening maintain.
21:52.9,5:00 AM,6.9,0,50,Heavy,Yes,6:00 AM,4,Sad,Range analysis push company model nature bar.
21:52.9,4:30 AM,6.3,10,10,Protein-rich,No,5:30 AM,3,Sad,Through environment me until forget ok success.
21:52.9,6:30 AM,6.5,30,40,Protein-rich,No,9:30 AM,7,Neutral,Into home other run happen join food far.
21:52.9,8:30 AM,6.5,20,40,Skipped,No,11:30 AM,4,Sad,Almost throw nothing reflect.
21:52.9,5:45 AM,5.5,0,30,Light,No,8:45 AM,5,Sad,Raise develop question sure budget government piece list.
21:52.9,7:00 AM,6.3,15,10,Light,No,8:00 AM,5,Neutral,Campaign kid including remember.
21:52.9,8:15 AM,8.8,15,30,Carb-rich,No,10:15 AM,8,Happy,Push sea its why.
21:52.9,4:00 AM,5.2,5,60,Carb-rich,No,7:00 AM,3,Sad,Everyone water public three whatever.
21:52.9,7:45 AM,6,20,20,Skipped,No,9:45 AM,5,Neutral,Significant standard forget capital bank age.
21:52.9,4:45 AM,6.2,30,0,Carb-rich,Yes,5:45 AM,6,Neutral,Vote success level.
21:52.9,6:00 AM,7,0,30,Carb-rich,Yes,7:00 AM,7,Happy,Back opportunity leader everything.
21:52.9,6:30 AM,7.2,25,0,Skipped,Yes,8:30 AM,4,Sad,Learn table stand forward.
21:52.9,8:45 AM,7,0,20,Light,Yes,10:45 AM,4,Sad,Data security reason local.
21:52.9,9:15 AM,6.2,20,50,Protein-rich,Yes,11:15 AM,4,Sad,Goal choose when particular real region.
21:52.9,9:45 AM,8.6,10,50,Carb-rich,No,10:45 AM,9,Happy,Stage until although.
21:52.9,9:00 AM,5,0,60,Carb-rich,No,12:00 PM,2,Sad,From nice cover appear.
21:52.9,6:00 AM,5.3,20,30,Skipped,Yes,7:00 AM,6,Sad,Music I report find win interesting policy.
21:52.9,9:45 AM,5.8,25,20,Skipped,Yes,12:45 PM,4,Sad,Point pattern huge during school.
21:52.9,8:00 AM,8.5,20,0,Heavy,Yes,11:00 AM,8,Happy,Get sport year stand soldier.
21:52.9,9:00 AM,8.8,20,30,Light,Yes,10:00 AM,8,Happy,Religious discussion culture.
21:52.9,4:45 AM,7.8,25,20,Protein-rich,Yes,5:45 AM,5,Neutral,Yard memory high community human foreign act professional.
21:52.9,7:45 AM,7.4,15,50,Heavy,Yes,8:45 AM,5,Neutral,State manage part lose those plant.
21:52.9,9:45 AM,5.5,20,40,Skipped,No,11:45 AM,4,Sad,Cup rise star act.
21:52.9,5:15 AM,8.6,5,0,Skipped,Yes,7:15 AM,7,Happy,Section along opportunity health land.
21:52.9,6:30 AM,5.4,5,20,Carb-rich,Yes,9:30 AM,3,Sad,Try free table shake.
21:52.9,5:30 AM,8.8,30,30,Light,No,6:30 AM,9,Happy,Great glass very kind product.
21:52.9,4:15 AM,6,25,20,Protein-rich,Yes,5:15 AM,4,Sad,Box serve special society head great just sense.
21:52.9,4:15 AM,7.3,15,20,Skipped,Yes,7:15 AM,6,Neutral,Show edge keep best between.
21:52.9,5:00 AM,5.6,10,50,Light,Yes,7:00 AM,4,Sad,Operation friend enough dog much.
21:52.9,9:00 AM,5.4,5,30,Heavy,Yes,12:00 PM,6,Sad,Pretty occur at adult natural responsibility media attention.
21:52.9,4:45 AM,6.3,30,30,Light,No,7:45 AM,6,Neutral,Campaign stuff perhaps involve.
21:52.9,5:15 AM,7,10,40,Light,Yes,7:15 AM,8,Happy,Might ability product old.
21:52.9,6:00 AM,7.9,5,50,Light,No,8:00 AM,6,Neutral,Throughout notice week forget trade.
21:52.9,7:45 AM,8,30,10,Protein-rich,Yes,10:45 AM,7,Happy,Issue compare politics either direction yet.
21:52.9,9:30 AM,6.7,10,60,Light,No,11:30 AM,8,Neutral,Join major growth than factor deep apply.
21:52.9,7:15 AM,5.8,15,30,Skipped,No,9:15 AM,5,Sad,Response beyond term lay candidate whose rule.
21:52.9,9:15 AM,8.6,15,50,Light,No,11:15 AM,9,Happy,Whether two community officer full.
21:52.9,8:45 AM,9,5,60,Carb-rich,Yes,9:45 AM,10,Happy,Stock outside would ago describe.
21:52.9,9:45 AM,7.6,20,40,Protein-rich,No,11:45 AM,9,Happy,Still political design.
21:52.9,7:00 AM,5.5,20,50,Carb-rich,Yes,10:00 AM,6,Sad,Human cause executive trade region within poor.
21:52.9,4:00 AM,7.2,0,30,Skipped,No,7:00 AM,5,Neutral,Alone culture build finally join security tree.
21:52.9,5:00 AM,6.9,0,0,Heavy,No,8:00 AM,5,Neutral,There write between fund film use whom.
21:52.9,7:00 AM,8.8,20,0,Light,Yes,9:00 AM,9,Happy,Beyond realize may service plan history.
21:52.9,8:45 AM,6.9,20,30,Light,No,11:45 AM,8,Neutral,Response side those somebody.
21:52.9,9:30 AM,7.4,10,0,Light,No,12:30 PM,8,Happy,Hand goal laugh light suggest source political market.
21:52.9,8:00 AM,8.4,25,30,Light,Yes,10:00 AM,8,Happy,Low year from site appear growth.
21:52.9,8:15 AM,8.2,10,30,Carb-rich,No,10:15 AM,7,Happy,Media room society view a senior.
21:52.9,4:30 AM,8.5,5,0,Protein-rich,No,7:30 AM,9,Happy,Term may whether family peace change share total.
21:52.9,7:15 AM,6.5,5,40,Carb-rich,No,10:15 AM,7,Neutral,Present particularly foreign west fight billion production.
21:52.9,7:15 AM,7.2,10,40,Skipped,No,10:15 AM,5,Neutral,After suddenly statement drug anything.
21:52.9,7:30 AM,6.9,25,50,Light,Yes,9:30 AM,5,Neutral,Woman her some throughout meet why join agree.
21:52.9,7:15 AM,7.3,5,0,Skipped,Yes,10:15 AM,5,Neutral,Simply too them truth stand million growth career.
21:52.9,4:15 AM,5.7,25,20,Heavy,No,6:15 AM,3,Sad,Computer hot new ok today trip.
21:52.9,4:15 AM,5.8,5,10,Carb-rich,Yes,6:15 AM,3,Sad,Learn century task trial government population.
21:52.9,9:00 AM,8.6,15,40,Carb-rich,Yes,10:00 AM,9,Happy,Opportunity current option add.
21:52.9,7:45 AM,5.3,5,0,Protein-rich,No,9:45 AM,2,Sad,Pay large share blue business both central.
21:52.9,9:15 AM,8.2,5,60,Carb-rich,No,12:15 PM,10,Happy,Ten card growth state page against budget any.
21:52.9,7:30 AM,9,0,40,Light,No,10:30 AM,7,Happy,Push method hold.
21:52.9,5:15 AM,5.8,20,40,Carb-rich,No,7:15 AM,3,Sad,Quickly total worry fight billion general will ready.
21:52.9,9:00 AM,5.9,10,50,Protein-rich,No,11:00 AM,4,Sad,Laugh term usually able.
21:52.9,8:45 AM,6.3,5,0,Protein-rich,Yes,11:45 AM,6,Neutral,Perform base true near country.
21:52.9,6:15 AM,5.9,10,0,Protein-rich,Yes,7:15 AM,5,Sad,Chance against girl fast style professional create worker.
21:52.9,5:45 AM,5.8,25,10,Protein-rich,No,7:45 AM,3,Sad,Appear buy kitchen watch beyond yourself open charge.
21:52.9,6:15 AM,6.6,0,40,Skipped,No,8:15 AM,6,Neutral,Go job eat paper letter.
21:52.9,8:15 AM,6.3,15,0,Light,No,9:15 AM,4,Sad,Room these probably yourself government think.
21:52.9,4:30 AM,8.9,15,30,Skipped,Yes,5:30 AM,9,Happy,Operation herself vote blue over.
21:52.9,7:00 AM,8.9,5,30,Light,No,9:00 AM,9,Happy,Father music consumer billion painting particular again.
21:52.9,5:15 AM,7.1,20,0,Light,No,8:15 AM,5,Neutral,Different heart lead study.
21:52.9,6:45 AM,7.1,0,20,Light,No,8:45 AM,3,Sad,Policy employee require suddenly.
21:52.9,7:00 AM,5.2,30,50,Skipped,Yes,8:00 AM,2,Sad,Foot dark particular for choice environment.
21:52.9,6:30 AM,8.7,30,20,Light,Yes,7:30 AM,8,Happy,Amount though camera relationship.
21:52.9,5:00 AM,8.5,20,30,Light,No,6:00 AM,9,Happy,Turn skin tough record agent positive administration thing.
21:52.9,7:45 AM,8.7,5,40,Skipped,Yes,10:45 AM,9,Happy,Serve people nation dog probably.
21:52.9,5:45 AM,5.9,0,30,Protein-rich,No,8:45 AM,5,Sad,Light spring peace difference.
21:52.9,6:00 AM,6.6,15,40,Heavy,Yes,8:00 AM,7,Neutral,Charge rich discuss city door vote.
21:52.9,8:45 AM,8.4,30,40,Carb-rich,No,10:45 AM,8,Happy,Guess cause religious night record nice central month.
21:52.9,9:15 AM,8,15,40,Carb-rich,No,10:15 AM,7,Happy,She run scientist line stay top man.
21:52.9,5:30 AM,5.9,20,20,Carb-rich,Yes,8:30 AM,4,Sad,I yeah security sea work price.
21:52.9,8:45 AM,5.1,0,40,Protein-rich,No,9:45 AM,4,Sad,Rise something doctor instead develop art.
21:52.9,8:45 AM,6.7,15,50,Heavy,Yes,9:45 AM,5,Neutral,Impact everybody family statement describe.
21:52.9,9:15 AM,8.3,0,10,Light,Yes,11:15 AM,7,Happy,Safe true data.
21:52.9,4:30 AM,7.7,20,0,Skipped,No,6:30 AM,7,Happy,Walk throw record writer move likely.
21:52.9,4:00 AM,7.5,20,20,Skipped,No,6:00 AM,7,Happy,Shake ready type save.
21:52.9,8:45 AM,6.2,25,10,Light,Yes,10:45 AM,3,Sad,Pretty put maybe back fill.
21:52.9,8:45 AM,5.7,30,40,Light,Yes,11:45 AM,5,Sad,Allow glass leg edge behind during raise base.
21:52.9,7:15 AM,7.6,15,50,Protein-rich,Yes,9:15 AM,8,Happy,Less how gun research analysis.
21:52.9,5:30 AM,7.5,5,40,Skipped,Yes,8:30 AM,7,Happy,Spring nature those media carry customer.
21:52.9,4:00 AM,6.2,30,30,Skipped,Yes,6:00 AM,4,Sad,Full activity central current collection artist.
21:52.9,6:45 AM,7.7,15,0,Carb-rich,No,7:45 AM,8,Happy,Long more decide break.
21:52.9,5:30 AM,6.9,30,20,Skipped,No,7:30 AM,7,Neutral,Fight keep where list.
21:52.9,6:45 AM,7.5,5,0,Light,Yes,7:45 AM,8,Happy,Without type mind remember line security a.
21:52.9,4:30 AM,5.6,20,10,Skipped,No,6:30 AM,4,Sad,Buy show upon certain resource little.
21:52.9,6:30 AM,8.2,25,60,Carb-rich,Yes,7:30 AM,7,Happy,Pay us cultural ready.
21:52.9,9:30 AM,8.9,10,40,Heavy,No,10:30 AM,9,Happy,Explain deep cut think.
21:52.9,8:15 AM,6.8,10,20,Heavy,Yes,9:15 AM,4,Sad,Than material development coach rise college data.
21:52.9,8:30 AM,7.7,5,0,Heavy,Yes,11:30 AM,6,Neutral,Picture second table population which benefit way.
21:52.9,6:00 AM,9,20,20,Heavy,Yes,7:00 AM,9,Happy,Offer upon always.
21:52.9,9:15 AM,6.2,5,0,Protein-rich,No,11:15 AM,4,Sad,Culture history degree friend live huge.
21:52.9,7:15 AM,5,0,60,Skipped,No,9:15 AM,2,Sad,Business will study picture necessary show serious.
21:52.9,7:15 AM,6.3,25,40,Light,No,8:15 AM,5,Neutral,Energy argue become book world.
21:52.9,5:15 AM,8.9,15,30,Heavy,Yes,8:15 AM,10,Happy,Heavy some middle million Congress.
21:52.9,8:00 AM,5.1,0,0,Light,No,11:00 AM,3,Sad,Among college edge ago.
21:52.9,6:30 AM,5.9,5,30,Heavy,No,9:30 AM,4,Sad,Sit member so strong final year.
21:52.9,6:30 AM,5.3,15,0,Light,No,8:30 AM,4,Sad,Tell couple gun worker happen question.
21:52.9,8:00 AM,8.3,30,10,Light,Yes,11:00 AM,9,Happy,Company behavior cost entire daughter true.
21:52.9,7:00 AM,5.6,0,50,Carb-rich,Yes,8:00 AM,4,Sad,Role money poor.
21:52.9,9:30 AM,6.5,30,40,Protein-rich,No,12:30 PM,7,Neutral,Wrong at ever direction.
21:52.9,5:30 AM,6.6,10,20,Light,Yes,8:30 AM,3,Sad,Point approach own compare research.
21:52.9,4:45 AM,6.7,15,40,Light,Yes,7:45 AM,5,Neutral,Add base interview wait week.
21:52.9,9:15 AM,5.9,25,30,Carb-rich,Yes,12:15 PM,3,Sad,Difficult know everything mother.
21:52.9,5:30 AM,5.6,10,30,Light,No,6:30 AM,5,Sad,Whose or yet reason customer.
21:52.9,9:30 AM,8,25,30,Heavy,No,10:30 AM,7,Happy,White style follow stuff several no.
21:52.9,8:45 AM,7.3,10,10,Light,Yes,10:45 AM,6,Neutral,Country skill identify charge decision.
21:52.9,5:15 AM,5.8,15,10,Heavy,No,8:15 AM,4,Sad,Somebody cause cost sign.
21:52.9,7:30 AM,6.7,30,50,Skipped,Yes,9:30 AM,6,Neutral,Bit from fill top impact radio.
21:52.9,6:30 AM,8.3,0,30,Skipped,Yes,9:30 AM,6,Neutral,Entire bill shake rest those.
21:52.9,6:15 AM,7.1,20,10,Heavy,No,8:15 AM,7,Happy,Include Mrs information matter national.
21:52.9,6:45 AM,8.5,20,40,Light,No,7:45 AM,10,Happy,Near subject behind significant about use marriage dinner.
21:52.9,7:15 AM,5.5,0,50,Protein-rich,No,8:15 AM,4,Sad,Push customer economic inside worker.
21:52.9,7:45 AM,6.9,5,50,Light,No,10:45 AM,6,Neutral,Lay add son sell let.
21:52.9,7:00 AM,7.5,15,50,Light,Yes,9:00 AM,8,Happy,Scene something allow.
21:52.9,6:45 AM,8.9,20,0,Heavy,Yes,9:45 AM,7,Happy,Item style science tend born challenge.
21:52.9,7:00 AM,8.5,20,60,Carb-rich,Yes,9:00 AM,8,Happy,Share I movement natural.
21:52.9,5:15 AM,5.1,25,50,Heavy,Yes,7:15 AM,2,Sad,Meeting fall player agent manage different opportunity.
21:52.9,8:30 AM,7.4,20,40,Heavy,Yes,9:30 AM,6,Neutral,Feeling source measure unit after.
21:52.9,8:30 AM,6.1,0,50,Skipped,Yes,9:30 AM,4,Sad,List third model indeed.
21:52.9,7:45 AM,5.6,20,20,Protein-rich,No,8:45 AM,5,Sad,Why whom have drive way.
21:52.9,6:30 AM,8.2,0,0,Light,No,8:30 AM,7,Happy,Concern loss still each film find baby.
21:52.9,7:30 AM,6.2,0,20,Heavy,No,9:30 AM,2,Sad,Deep pay democratic front anyone bar end summer.
21:52.9,5:45 AM,5.9,15,60,Carb-rich,No,8:45 AM,6,Sad,Begin task discussion often increase resource strong.
21:52.9,5:30 AM,8.6,30,50,Carb-rich,No,7:30 AM,8,Happy,Dark performance almost care admit course.
21:52.9,5:30 AM,8.5,5,20,Protein-rich,No,7:30 AM,7,Happy,Relationship husband strategy president.
21:52.9,8:30 AM,6.1,15,50,Heavy,Yes,11:30 AM,5,Neutral,Never medical prove American learn explain.
21:52.9,6:00 AM,6.2,5,40,Light,No,8:00 AM,4,Sad,Thank explain foreign trial morning student clearly.
21:52.9,6:00 AM,8.8,25,30,Light,No,7:00 AM,8,Happy,Political organization close group student.
21:52.9,5:00 AM,8.1,25,60,Heavy,Yes,8:00 AM,9,Happy,Kind continue bed high lawyer certainly key.
21:52.9,8:15 AM,5.1,10,20,Light,No,11:15 AM,5,Sad,Run sort political factor protect guess during.
21:52.9,6:30 AM,7.4,20,10,Light,No,9:30 AM,5,Neutral,Ever read pick.
21:52.9,7:30 AM,8.1,0,50,Light,No,8:30 AM,6,Neutral,Small international discover ball.
21:52.9,8:00 AM,7.2,25,10,Protein-rich,Yes,10:00 AM,7,Happy,Security relate once maintain.
21:52.9,7:30 AM,6.3,5,40,Skipped,No,10:30 AM,6,Neutral,Popular produce number discussion.
